order_country,order_state,records,orders,units,gross_sales,net_sales,discount,profit,late_records,gross_aov,net_aov,profit_margin_net,late_delivery_rate_row
Afganistán,Herat,15,7,31,3652.89,3353.85,299.05,660.83,9,521.84,479.12,0.1970362419309152,0.6
Afganistán,Kabul,117,49,209,29258.8,27022.29,2236.54,1810.13,69,597.12,551.48,0.06698655073274692,0.5897435897435898
Afganistán,Kandahar,13,8,21,3278.57,3045.74,232.83,-1681.83,5,409.82,380.72,-0.5521909289696428,0.38461538461538464
Afganistán,Nangarhar,18,9,32,2378.6,2237.28,141.33,434.6,10,264.29,248.59,0.19425373668025459,0.5555555555555556
Albania,Durrës,3,2,9,599.89,535.41,64.48,187.16,1,299.94,267.7,0.3495638856203658,0.3333333333333333
Albania,Elbasan,5,1,11,1349.9,1117.91,232.0,345.47,5,1349.9,1117.91,0.3090320329901334,1.0
Albania,Korçë,8,2,15,1729.85,1445.98,283.89,266.9,5,864.92,722.99,0.1845806995947385,0.625
Albania,Shkodër,10,4,24,2109.64,1952.65,156.99,406.0,0,527.41,488.16,0.20792256676823803,0.0
Albania,Vlorë,11,4,19,2509.85,2200.65,309.2,455.25,11,627.46,550.16,0.2068706972939813,1.0
Alemania,Baden-Wurtemberg,793,292,1628,165825.4,148626.05,17199.57,19532.53,475,567.9,508.99,0.13142063588448996,0.5989911727616646
Alemania,Baja Sajonia,614,232,1269,135554.62,121824.97,13729.83,12627.99,359,584.29,525.11,0.10365682831688774,0.5846905537459284
Alemania,Bavaria,928,323,1910,199257.67,179774.98,19482.89,23623.72,495,616.9,556.58,0.13140716244273815,0.5334051724137931
Alemania,Berlín,995,373,2125,222748.7,199423.45,23325.42,17899.76,558,597.18,534.65,0.08975754857314923,0.5608040201005026
Alemania,Brandenburgo,133,45,315,28299.8,25169.97,3129.88,2655.51,69,628.88,559.33,0.10550310548641892,0.518796992481203
Alemania,Bremen,268,109,556,64798.15,58121.72,6676.53,4487.18,148,594.48,533.23,0.07720315228110937,0.5522388059701493
Alemania,Hamburgo,627,220,1341,137038.1,123110.23,13927.99,16336.35,376,622.9,559.59,0.13269693347173506,0.5996810207336523
Alemania,Hesse,422,168,857,92476.62,83707.26,8769.45,10254.11,266,550.46,498.26,0.12249964937330407,0.6303317535545023
Alemania,Mecklemburgo-Pomerania Occidental,180,63,358,38692.18,34510.1,4182.16,4631.1,85,614.16,547.78,0.13419549639091163,0.4722222222222222
Alemania,Renania del Norte-Westfalia,3303,1229,6780,708890.26,634693.61,74197.45,53616.85,1850,576.8,516.43,0.08447674461383028,0.5600968816227672
Alemania,Renania-Palatinado,398,146,783,89191.42,80604.96,8586.52,9594.03,205,610.9,552.09,0.1190253056387597,0.5150753768844221
Alemania,Sajonia,375,132,791,81608.98,73986.02,7623.02,8154.11,204,618.25,560.5,0.11021149671248702,0.544
Alemania,Sajonia-Anhalt,166,57,335,35166.35,32099.5,3066.86,1219.04,96,616.95,563.15,0.037976915528279254,0.5783132530120482
Alemania,Sarre,43,17,84,9063.78,7966.44,1097.34,2156.78,36,533.16,468.61,0.2707332258825774,0.8372093023255814
Alemania,Schleswig-Holstein,143,51,274,30858.94,27843.9,3015.05,3145.25,65,605.08,545.96,0.11296010975473982,0.45454545454545453
Alemania,Turingia,176,61,397,34700.81,31114.41,3586.45,4892.77,96,568.87,510.07,0.15725093292786202,0.5454545454545454
Angola,Benguela,31,9,63,5775.33,5302.25,473.08,-949.98,22,641.7,589.14,-0.17916544863029846,0.7096774193548387
Angola,Bié,29,7,60,4880.27,4432.29,447.98,831.02,24,697.18,633.18,0.18749224441541507,0.8275862068965517
Angola,Huambo,53,17,111,9778.98,8654.34,1124.66,1230.48,36,575.23,509.08,0.14218068622217292,0.6792452830188679
Angola,Huila,3,1,9,449.92,405.93,43.99,68.68,0,449.92,405.93,0.16919173256472791,0.0
Angola,Luanda,173,64,370,33251.91,29775.72,3476.24,-1393.05,92,519.56,465.25,-0.046784762887345795,0.5317919075144508
Angola,Malanje,8,3,25,1609.75,1425.49,184.28,278.82,4,536.58,475.16,0.1955959003570702,0.5
Angola,Namibe,9,2,22,1919.86,1716.01,203.85,295.83,5,959.93,858.0,0.17239410026748095,0.5555555555555556
Arabia Saudí,Al Jawf,24,7,39,3559.58,3214.51,345.07,746.3,7,508.51,459.22,0.23216602219311808,0.2916666666666667
Arabia Saudí,Ash Sharqiyah,40,14,104,7707.0,7108.75,598.27,702.22,17,550.5,507.77,0.09878248637242835,0.425
Arabia Saudí,Asir,22,7,59,4103.29,3718.36,384.94,823.31,8,586.18,531.19,0.22141750664271342,0.36363636363636365
Arabia Saudí,Jizán,27,10,55,4814.47,4314.98,499.49,927.35,11,481.45,431.5,0.2149140899841946,0.4074074074074074
Arabia Saudí,Meca,280,99,592,54165.93,48985.4,5180.6,1453.47,157,547.13,494.8,0.029671493955341795,0.5607142857142857
Arabia Saudí,Medina,72,26,174,13788.41,12507.48,1280.94,3006.15,46,530.32,481.06,0.24034817565169003,0.6388888888888888
Arabia Saudí,Riad,345,120,712,64373.34,58018.38,6354.99,5003.15,225,536.44,483.49,0.08623387967744013,0.6521739130434783
Arabia Saudí,Tabuk,50,18,115,10637.68,9420.33,1217.36,-926.32,25,590.98,523.35,-0.09833201172358082,0.5
Argelia,Alger,141,48,315,29174.46,26103.34,3071.18,1015.2,81,607.8,543.82,0.03889157479464313,0.574468085106383
Argelia,Annaba,53,16,110,9570.69,8753.31,817.38,722.04,21,598.17,547.08,0.08248765324203072,0.39622641509433965
Argelia,Batna,23,7,38,5131.57,4732.24,399.34,1458.06,19,733.08,676.03,0.30811201460619075,0.8260869565217391
Argelia,Bugía,11,3,17,1769.84,1544.99,224.85,143.15,11,589.95,515.0,0.09265432138719344,1.0
Argelia,Béchar,7,2,14,999.81,918.81,81.0,83.01,4,499.9,459.4,0.09034512031867306,0.5714285714285714
Argelia,Constantina,36,11,73,6349.16,5550.06,799.11,924.37,18,577.2,504.55,0.16655135259798992,0.5
Argelia,Djelfa,35,12,81,6576.05,5958.31,617.74,1278.93,16,548.0,496.53,0.21464643497904606,0.45714285714285713
Argelia,Guelma,24,9,44,4635.45,4266.81,368.65,917.25,8,515.05,474.09,0.21497324699248382,0.3333333333333333
Argelia,Laghouat,8,2,17,1909.81,1770.92,138.89,-27.83,3,954.9,885.46,-0.015714995595509675,0.375
Argelia,Mostaganem,11,3,37,2754.65,2395.94,358.71,644.82,4,918.22,798.65,0.2691302787215039,0.36363636363636365
Argelia,Orán,98,32,222,18583.64,17028.84,1554.82,2720.35,52,580.74,532.15,0.15974957777511561,0.5306122448979592
Argelia,Saida,16,6,30,3229.68,3020.24,209.45,627.43,11,538.28,503.37,0.20774176886605034,0.6875
Argelia,Sidi Bel Abbes,10,2,24,1654.77,1513.54,141.23,455.63,0,827.38,756.77,0.30103598187031727,0.0
Argelia,Skikda,20,5,46,3709.45,3365.33,344.13,488.74,12,741.89,673.07,0.14522795684227105,0.6
Argelia,Tipaza,10,4,16,2261.77,2075.78,185.99,394.3,9,565.44,518.95,0.18995269248186222,0.9
Argelia,Tizi Ouzou,8,2,18,1619.83,1372.44,247.4,-65.74,0,809.92,686.22,-0.04790009035003354,0.0
Argelia,Tlemcen,5,1,11,1164.87,1080.68,84.19,331.46,5,1164.87,1080.68,0.30671429100196174,1.0
Argentina,Buenos Aires,967,311,2107,193330.24,173898.75,19431.71,23237.5,485,621.64,559.16,0.13362660743679872,0.5015511892450879
Argentina,Buenos Aires (provincia),180,61,392,34618.13,31233.74,3384.45,1950.45,89,567.51,512.03,0.06244689236703641,0.49444444444444446
Argentina,Catamarca,6,2,16,1081.83,930.87,150.96,214.9,0,540.92,465.44,0.2308593036621655,0.0
Argentina,Chaco,125,43,260,26502.12,23707.62,2794.52,1877.13,57,616.33,551.34,0.07917834012861688,0.456
Argentina,Chubut,22,8,60,4259.15,3944.47,314.7,-55.87,12,532.39,493.06,-0.014164133584486625,0.5454545454545454
Argentina,Corrientes,32,11,71,6272.22,5596.25,675.97,1130.39,27,570.2,508.75,0.20199061871789142,0.84375
Argentina,Córdoba,75,26,173,13924.12,12590.29,1333.89,1733.16,41,535.54,484.24,0.13765846537291831,0.5466666666666666
Argentina,Entre Ríos,22,9,54,4069.43,3729.56,339.88,417.55,5,452.16,414.4,0.11195690644472808,0.22727272727272727
Argentina,Jujuy,14,4,20,2700.73,2278.8,421.94,512.46,14,675.18,569.7,0.22488151658767772,1.0
Argentina,La Pampa,12,5,32,3319.65,2935.48,384.18,-206.23,9,663.93,587.1,-0.07025426846716722,0.75
Argentina,La Rioja,3,1,3,929.95,878.65,51.3,262.77,3,929.95,878.65,0.2990610595800375,1.0
Argentina,Mendoza,98,33,203,17060.07,15070.7,1989.41,2113.31,51,516.97,456.69,0.1402263995700266,0.5204081632653061
Argentina,Misiones,31,9,83,6239.09,5609.09,630.0,1122.02,4,693.23,623.23,0.20003601297180112,0.12903225806451613
Argentina,Neuquén,18,6,36,3229.59,2846.22,383.37,859.3,13,538.26,474.37,0.3019091988672695,0.7222222222222222
Argentina,Río Negro,9,2,23,2519.73,2317.65,202.09,-307.66,0,1259.86,1158.82,-0.13274653204754816,0.0
Argentina,Salta,25,9,48,4084.65,3635.53,449.14,622.21,14,453.85,403.95,0.1711469854464136,0.56
Argentina,San Juan,45,14,91,7874.02,7169.0,705.02,720.53,26,562.43,512.07,0.1005063467708188,0.5777777777777777
Argentina,San Luis,8,4,16,1029.96,866.61,163.35,-172.1,5,257.49,216.65,-0.19858990780166397,0.625
Argentina,Santa Fe,227,79,493,44013.7,39811.23,4202.5,2506.71,133,557.14,503.94,0.06296489709059479,0.5859030837004405
Argentina,Santiago del Estero,12,5,20,1687.77,1519.01,168.77,259.24,11,337.55,303.8,0.17066378759850168,0.9166666666666666
Armenia,Lori,5,1,8,455.9,425.22,30.68,42.46,5,455.9,425.22,0.09985419312355956,1.0
Australia,Australia Occidental,917,453,1771,181952.19,163036.94,18915.52,23518.17,508,401.66,359.9,0.14425056063981573,0.5539803707742639
Australia,Australia del Sur,668,303,1305,130134.24,116908.31,13226.14,11861.31,357,429.49,385.84,0.10145822824741885,0.5344311377245509
Australia,Nueva Gales del Sur,2370,1038,4712,484567.08,434533.12,50034.61,51093.75,1243,466.83,418.63,0.11758309700305468,0.5244725738396624
Australia,Queensland,2186,963,4278,432825.04,389411.04,43414.66,40924.45,1249,449.45,404.37,0.10509319407071767,0.5713632204940531
Australia,Tasmania,322,159,672,65302.36,58464.57,6837.85,8439.3,165,410.71,367.7,0.144348962115004,0.5124223602484472
Australia,Territorio de la Capital Australiana,469,202,919,88254.43,78882.64,9371.94,9026.22,229,436.9,390.51,0.11442593706295834,0.488272921108742
Australia,Territorio del Norte,109,42,208,19653.06,17455.6,2197.47,365.48,48,467.93,415.61,0.02093769334769358,0.44036697247706424
Australia,Victoria,1456,638,2901,291933.24,262718.18,29215.59,24812.9,814,457.58,411.78,0.09444683272394777,0.5590659340659341
Austria,Alta Austria,95,39,205,21142.31,18850.31,2292.02,2981.84,58,542.11,483.34,0.15818519695432065,0.6105263157894737
Austria,Carintia,98,33,224,19207.92,17250.18,1957.75,3035.22,62,582.06,522.73,0.17595294657794874,0.6326530612244898
Austria,Salzburgo,45,14,94,9384.88,8412.69,972.19,501.19,27,670.35,600.91,0.0595754746698143,0.6
Austria,Stiria,46,18,99,9173.33,8058.21,1115.15,702.42,19,509.63,447.68,0.08716824207857576,0.41304347826086957
Austria,Tirol,65,25,139,15181.84,13535.23,1646.62,3314.56,36,607.27,541.41,0.2448839066643123,0.5538461538461539
Austria,Viena,1038,376,2238,222211.96,198976.41,23235.85,25937.88,604,590.99,529.19,0.1303565583477961,0.581888246628131
Azerbaiyán,Baki,68,20,138,13369.54,12246.89,1122.66,610.68,39,668.48,612.34,0.04986408794395965,0.5735294117647058
Bangladés,Chittagong,97,39,207,19403.55,17616.31,1787.25,2201.46,54,497.53,451.7,0.1249671469223691,0.5567010309278351
Bangladés,Daca,306,134,629,62104.59,55663.28,6441.37,6025.58,187,463.47,415.4,0.10825053787703491,0.6111111111111112
Bangladés,Khulna,30,17,56,6596.3,5877.98,718.34,362.57,11,388.02,345.76,0.06168275496003728,0.36666666666666664
Bangladés,Rajshahi,17,8,34,4152.54,3607.72,544.83,907.08,9,519.07,450.96,0.2514274943731775,0.5294117647058824
Bangladés,Sylhet,16,9,25,2429.2,2111.74,317.46,465.38,13,269.91,234.64,0.2203775085948081,0.8125
Barbados,San Miguel,117,42,261,23291.43,20722.39,2569.07,1997.61,65,554.56,493.39,0.0963986296947408,0.5555555555555556
Baréin,Muharraq,4,1,11,529.89,451.41,78.48,150.22,0,529.89,451.41,0.3327795130812344,0.0
Belice,Distrito de Cayo,13,4,23,2494.81,2328.16,166.65,-228.35,8,623.7,582.04,-0.09808174695897191,0.6153846153846154
Benín,Alibori,5,3,10,1424.86,1246.12,178.74,173.53,0,474.95,415.37,0.13925625140435915,0.0
Benín,Atakora,8,3,21,1505.82,1317.8,188.02,244.04,4,501.94,439.27,0.18518743360145698,0.5
Benín,Borgou,3,2,7,589.97,517.67,72.3,237.14,0,294.98,258.84,0.45809106187339416,0.0
Benín,Departamento Atlántico,7,3,10,1639.86,1414.66,225.2,400.3,7,546.62,471.55,0.28296551821639127,1.0
Benín,Donga,14,4,26,2759.66,2430.69,328.97,591.38,7,689.92,607.67,0.24329717076221155,0.5
Benín,Littoral,26,9,62,5550.36,5007.17,543.2,-264.39,12,616.71,556.35,-0.05280228152828844,0.46153846153846156
Benín,Mono,4,2,13,529.92,452.44,77.49,74.66,2,264.96,226.22,0.16501635575987975,0.5
Benín,Ouémé,18,5,31,2429.75,2201.25,228.5,554.5,7,485.95,440.25,0.2519023282226008,0.3888888888888889
Bielorrusia,Brest,51,15,106,9133.8,8326.54,807.26,198.35,10,608.92,555.1,0.02382141922094892,0.19607843137254902
Bielorrusia,Grodno,82,27,158,16944.24,14890.5,2053.76,1835.39,44,627.56,551.5,0.123259124945435,0.5365853658536586
Bielorrusia,Gómel,61,19,119,12233.66,10873.66,1360.04,1450.67,47,643.88,572.3,0.13341138126445007,0.7704918032786885
Bielorrusia,Vitsyebsk,16,7,38,2952.44,2525.0,427.44,10.95,6,421.78,360.71,0.00433663366336634,0.375
Bolivia,Chuquisaca,42,11,101,8801.14,7901.04,900.13,1388.2,31,800.1,718.28,0.17569838907283092,0.7380952380952381
Bolivia,Cochabamba,10,4,23,1809.79,1636.47,173.33,158.09,6,452.45,409.12,0.09660427627759752,0.6
Bolivia,El Beni,28,12,65,5999.46,5271.99,727.47,-132.7,14,499.96,439.33,-0.025170760946056428,0.5
Bolivia,La Paz,29,10,71,6577.26,5949.36,627.9,1010.89,7,657.73,594.94,0.16991575564430458,0.2413793103448276
Bolivia,Oruro,19,6,52,3109.58,2733.84,375.74,661.52,15,518.26,455.64,0.24197465835601203,0.7894736842105263
Bolivia,Potosí,22,9,44,3789.69,3438.79,350.9,-106.93,14,421.08,382.09,-0.03109523989542835,0.6363636363636364
Bolivia,Santa Cruz,55,18,130,10562.59,9575.48,987.12,1198.25,31,586.81,531.97,0.12513732993019672,0.5636363636363636
Bolivia,Tarija,8,3,15,1619.87,1443.67,176.2,516.32,8,539.96,481.22,0.3576440599305935,1.0
Bosnia y Herzegovina,Federación de Bosnia y Herzegovina,45,16,83,8869.09,7804.97,1064.16,-327.38,31,554.32,487.81,-0.04194506833466369,0.6888888888888889
Botsuana,Sudeste,13,4,30,2859.64,2557.08,302.56,600.27,9,714.91,639.27,0.23474822844807358,0.6923076923076923
Brasil,Acre,36,10,92,7177.13,6391.47,785.67,1515.18,17,717.71,639.15,0.23706283531018685,0.4722222222222222
Brasil,Alagoas,255,87,529,53653.45,48507.83,5145.68,7779.64,101,616.71,557.56,0.16037905632966884,0.396078431372549
Brasil,Amapá,64,21,135,12061.44,10877.67,1183.77,2802.84,43,574.35,517.98,0.25766915157382053,0.671875
Brasil,Amazonas,131,48,281,27455.2,24437.47,3017.76,3741.0,65,571.98,509.11,0.15308458690690976,0.4961832061068702
Brasil,Bahía,676,223,1452,135078.81,121395.22,13683.78,15321.91,360,605.73,544.37,0.1262151013853758,0.5325443786982249
Brasil,Ceará,350,109,753,70238.27,63117.45,7120.85,9587.5,164,644.39,579.06,0.15189935588335712,0.4685714285714286
Brasil,Distrito Federal,206,75,462,41836.1,37279.38,4556.79,5208.51,142,557.81,497.06,0.13971557466889203,0.6893203883495146
Brasil,Espíritu Santo,95,33,193,18742.31,16921.78,1820.57,1239.48,58,567.95,512.78,0.07324761343073838,0.6105263157894737
Brasil,Goiás,169,59,347,33109.34,29832.71,3276.68,3714.47,92,561.18,505.64,0.12450997579502499,0.5443786982248521
Brasil,Marañón,340,108,708,68603.62,61515.07,7088.62,4881.11,208,635.22,569.58,0.07934819874219438,0.611764705882353
Brasil,Mato Grosso,96,29,220,20141.53,17993.09,2148.46,-15.9,55,694.54,620.45,-0.0008836725654126099,0.5729166666666666
Brasil,Mato Grosso del Sur,81,27,177,16480.01,14996.58,1483.46,1716.24,44,610.37,555.43,0.11444209279715775,0.5432098765432098
Brasil,Minas Gerais,625,213,1391,123507.95,111565.15,11942.93,14720.34,339,579.85,523.78,0.13194389108068247,0.5424
Brasil,Paraná,332,108,759,67125.25,59973.57,7151.76,8339.27,165,621.53,555.31,0.13904908445503578,0.49698795180722893
Brasil,Paraíba,132,43,307,26468.61,23892.14,2576.49,3877.56,65,615.55,555.63,0.16229437798372184,0.49242424242424243
Brasil,Pará,170,57,375,33349.24,29971.25,3378.02,3450.98,84,585.07,525.81,0.11514301205321767,0.49411764705882355
Brasil,Pernambuco,410,141,930,82821.59,74559.6,8262.09,8391.28,216,587.39,528.79,0.11254459519632616,0.526829268292683
Brasil,Piauí,60,21,104,11720.91,10562.02,1158.92,280.74,24,558.14,502.95,0.026580142813590578,0.4
Brasil,Rio Grande do Sul,457,147,972,90120.62,81202.72,8917.98,11276.96,256,613.07,552.4,0.13887416579149073,0.5601750547045952
Brasil,Rondônia,20,10,40,4399.56,4036.19,363.38,1077.42,12,439.96,403.62,0.26693986160215455,0.6
Brasil,Roraima,43,13,112,8757.89,7743.56,1014.33,433.89,30,673.68,595.66,0.056032367541544205,0.6976744186046512
Brasil,Río Grande del Norte,132,46,257,24750.25,22253.36,2496.92,3472.92,69,538.05,483.77,0.15606272490985632,0.5227272727272727
Brasil,Río de Janeiro,414,131,917,82294.05,73799.5,8494.69,9112.56,209,628.2,563.35,0.12347725933102527,0.5048309178743962
Brasil,Santa Catarina,541,173,1189,110190.14,99013.32,11176.92,15351.12,319,636.94,572.33,0.155040958125634,0.589648798521257
Brasil,Sergipe,54,15,133,11928.59,10864.95,1063.66,1071.33,36,795.24,724.33,0.09860422735493489,0.6666666666666666
Brasil,São Paulo,2031,683,4431,399530.48,359017.79,40513.07,46751.84,1120,584.96,525.65,0.13022151353558273,0.551452486459872
Brasil,Tocantins,67,20,139,12777.58,11380.14,1397.47,1613.45,38,638.88,569.01,0.14177769342029184,0.5671641791044776
Bulgaria,Burgas,11,3,19,2179.83,1955.54,224.29,33.25,4,726.61,651.85,0.01700297616003764,0.36363636363636365
Bulgaria,Pazardzhik,3,2,9,739.94,640.95,98.99,105.5,3,369.97,320.48,0.16459942273188236,1.0
Bulgaria,Pernik,1,1,5,299.95,272.95,27.0,131.02,1,299.95,272.95,0.48001465469866283,1.0
Bulgaria,Plovdiv,22,8,49,5409.42,4994.41,415.02,233.12,15,676.18,624.3,0.04667618397368259,0.6818181818181818
Bulgaria,Shumen,2,1,2,499.97,459.97,40.0,113.64,0,499.97,459.97,0.24705959084288104,0.0
Bulgaria,Sliven,6,3,11,1249.84,1103.65,146.19,164.66,0,416.61,367.88,0.14919585013364745,0.0
Bulgaria,Sofía-Ciudad,90,32,232,19273.38,16935.99,2337.41,3145.04,48,602.29,529.25,0.18570157398534126,0.5333333333333333
Bulgaria,Stara Zagora,5,1,16,1019.71,925.83,93.88,137.9,0,1019.71,925.83,0.14894743095384683,0.0
Bulgaria,Varna,24,7,58,4107.66,3608.64,499.03,-66.91,14,586.81,515.52,-0.01854161124412521,0.5833333333333334
Bulgaria,Yambol,2,1,2,169.98,149.18,20.8,72.3,0,169.98,149.18,0.48464941681190504,0.0
Burkina Faso,Centro,11,3,27,1403.76,1306.6,97.16,352.23,1,467.92,435.53,0.2695775294657891,0.09090909090909091
Burundi,Buyumbura Mairie,1,1,5,299.95,287.95,12.0,77.75,0,299.95,287.95,0.2700121548880014,0.0
Bután,Chukha,5,2,9,769.6,705.85,63.75,208.67,5,384.8,352.92,0.2956293830133881,1.0
Bélgica,Amberes,187,78,385,37990.49,33764.73,4225.83,3171.9,89,487.06,432.88,0.09394122209773334,0.47593582887700536
Bélgica,Brabante Flamenco,33,11,80,7567.32,6918.91,648.43,1912.42,19,687.94,628.99,0.27640480942807466,0.5757575757575758
Bélgica,Bruselas,16,7,30,2896.31,2617.59,278.72,336.62,7,413.76,373.94,0.1285992076681222,0.4375
Bélgica,Flanders Occidental,38,15,81,6296.37,5716.55,579.83,134.77,21,419.76,381.1,0.02357540824448312,0.5526315789473685
Bélgica,Flanders Oriental,123,41,226,28551.48,25621.36,2930.14,2303.83,81,696.38,624.91,0.0899183337652646,0.6585365853658537
Bélgica,Henao,74,33,161,28018.37,25615.63,2402.77,3086.64,32,849.04,776.23,0.12049830513635619,0.43243243243243246
Bélgica,Lieja,13,4,37,3209.62,2962.65,246.97,315.39,8,802.4,740.66,0.10645536934838741,0.6153846153846154
Bélgica,Limburgo,126,40,247,26130.36,23242.08,2888.33,4511.93,72,653.26,581.05,0.19412763401554423,0.5714285714285714
Bélgica,Namur,54,20,105,10981.0,9966.59,1014.42,-41.6,42,549.05,498.33,-0.004173945150748657,0.7777777777777778
Camboya,Nom Pen,152,66,300,27826.49,25134.61,2691.92,2975.08,92,421.61,380.83,0.11836587080523628,0.6052631578947368
Camerún,Adamaoua,14,5,30,2794.7,2553.71,241.0,231.64,3,558.94,510.74,0.09070724553688554,0.21428571428571427
Camerún,Centro,106,37,241,21380.45,19161.27,2219.24,4699.88,53,577.85,517.87,0.24528019280559168,0.5
Camerún,Est,19,6,42,3464.65,3019.84,444.81,538.82,3,577.44,503.31,0.17842667161174103,0.15789473684210525
Camerún,Extreme-Nord,4,2,10,867.89,823.25,44.64,284.59,1,433.94,411.62,0.3456908593987246,0.25
Camerún,Littoral,30,8,70,5689.45,5081.91,607.55,932.33,12,711.18,635.24,0.18346054928166775,0.4
Camerún,Nord,49,17,96,8829.99,7861.91,968.09,1109.93,29,519.41,462.47,0.14117816154089782,0.5918367346938775
Camerún,Nord-Ouest,18,5,37,2999.54,2781.77,217.77,331.67,10,599.91,556.35,0.11922984286982749,0.5555555555555556
Camerún,Ouest,25,12,61,5879.37,5172.83,706.56,56.41,8,489.95,431.07,0.010905055839840087,0.32
Camerún,Ouest del Sur,8,3,25,1759.74,1619.06,140.69,6.63,0,586.58,539.69,0.004094968685533579,0.0
Camerún,Sud,2,2,4,239.96,227.36,12.6,64.35,2,119.98,113.68,0.2830313159746657,1.0
Canada,Alberta,124,36,286,25132.1,22680.03,2452.08,3748.32,64,698.11,630.0,0.16526962265922931,0.5161290322580645
Canada,Columbia británica,119,38,277,23701.06,21051.85,2649.22,2952.04,55,623.71,554.0,0.14022710593130772,0.46218487394957986
Canada,Manitoba,25,11,50,6307.4,5794.19,513.22,514.23,12,573.4,526.74,0.08874924709062008,0.48
Canada,Nueva Escocia,11,3,30,2284.65,2024.58,260.07,571.65,3,761.55,674.86,0.28235485878552585,0.2727272727272727
Canada,Ontario,503,162,1155,96201.96,86554.07,9648.04,11539.88,247,593.84,534.28,0.13332567723274016,0.49105367793240556
Canada,Quebec,137,44,293,25906.85,23487.07,2419.79,3625.83,70,588.79,533.8,0.15437557771148125,0.5109489051094891
Canada,Saskatchewan,39,14,88,7087.06,6468.86,618.21,852.34,17,506.22,462.06,0.13176046474958494,0.4358974358974359
Canada,Terranova,1,1,4,239.96,196.77,43.19,96.42,0,239.96,196.77,0.490013721603903,0.0
Chad,Mandoul,3,1,6,599.96,524.96,75.0,-272.71,0,599.96,524.96,-0.5194871990246875,0.0
Chile,Antofagasta,25,7,77,5360.23,4700.56,659.68,137.86,14,765.75,671.51,0.029328420443521616,0.56
Chile,Arica y Parinacota,9,3,23,2109.69,1920.52,189.17,235.96,4,703.23,640.17,0.12286255805719283,0.4444444444444444
Chile,Atacama,9,3,12,2449.83,2285.34,164.49,605.94,4,816.61,761.78,0.26514216702985116,0.4444444444444444
Chile,Bío-Bío,73,22,184,15895.14,14496.68,1398.47,1658.38,55,722.51,658.94,0.11439722750312484,0.7534246575342466
Chile,Los Lagos,22,7,40,3621.59,3281.14,340.46,584.11,12,517.37,468.73,0.17802044411393603,0.5454545454545454
Chile,Magallanes y Antártica Chilena,27,8,51,4324.46,3923.35,401.12,-314.52,25,540.56,490.42,-0.08016618451068604,0.9259259259259259
Chile,O'Higgins,60,21,141,11086.51,10227.06,859.46,1335.11,37,527.93,487.0,0.13054680426241758,0.6166666666666667
Chile,Santiago de Chile,434,145,943,84753.36,75387.92,9365.53,8023.73,252,584.51,519.92,0.10643256903758586,0.5806451612903226
Chile,Tarapacá,9,4,20,1569.82,1442.08,127.75,410.05,9,392.46,360.52,0.2843462221235992,1.0
Chile,Valparaíso,70,22,142,14373.6,12874.29,1499.32,497.24,32,653.35,585.2,0.038622712398120596,0.45714285714285713
China,Anhui,235,109,461,56466.32,50336.17,6130.23,7761.81,135,518.04,461.8,0.15419945538168678,0.574468085106383
China,Chongqing,120,58,217,23124.94,20977.7,2147.29,1847.8,61,398.71,361.68,0.08808401302335336,0.5083333333333333
China,Fujian,140,70,302,28118.05,25249.05,2869.02,3450.1,76,401.69,360.7,0.13664276477728865,0.5428571428571428
China,Gansu,100,51,210,21910.87,19579.4,2331.51,-546.26,46,429.62,383.91,-0.027899731350296733,0.46
China,Guangdong,857,392,1715,172771.15,155542.05,17229.34,24270.87,476,440.74,396.79,0.15604056909369524,0.5554259043173863
China,Guangxi,97,48,172,23328.32,20498.63,2829.74,-32.4,43,486.01,427.05,-0.0015805934347807567,0.44329896907216493
China,Guizhou,56,24,106,10373.86,9278.55,1095.32,1681.14,36,432.24,386.61,0.1811856378421197,0.6428571428571429
China,Hainan,25,11,36,4787.9,4367.77,420.13,636.2,9,435.26,397.07,0.14565785286313152,0.36
China,Hebei,133,53,255,24218.09,21619.83,2598.32,2085.96,80,456.95,407.92,0.09648364487602354,0.6015037593984962
China,Heilongjiang,348,153,679,71148.86,63092.21,8056.77,6191.75,187,465.03,412.37,0.09813810611484365,0.5373563218390804
China,Henan,230,100,494,42648.39,38157.75,4490.76,247.34,158,426.48,381.58,0.006482038380145577,0.6869565217391305
China,Hubei,270,125,539,56051.41,50730.01,5321.47,7697.06,121,448.41,405.84,0.15172597048571448,0.44814814814814813
China,Hunan,185,82,364,36771.39,32892.73,3878.71,4861.33,122,448.43,401.13,0.14779344858271112,0.6594594594594595
China,Jiangsu,413,180,871,82165.52,73478.53,8687.11,8092.71,229,456.48,408.21,0.1101370699713236,0.5544794188861986
China,Jiangxi,79,37,138,14635.04,13308.03,1327.06,1149.41,44,395.54,359.68,0.0863696580185046,0.5569620253164557
China,Jilin,160,79,306,36667.17,32747.98,3919.27,3500.86,102,464.14,414.53,0.1069030822664482,0.6375
China,Liaoning,302,132,606,59361.03,53278.83,6082.26,3392.95,177,449.7,403.63,0.06368289243588869,0.5860927152317881
China,Mongolia Interior,91,50,206,20023.46,17803.82,2219.66,3012.56,56,400.47,356.08,0.1692086305073855,0.6153846153846154
China,Ningxia Hui,6,2,7,869.7,814.94,54.76,187.04,0,434.85,407.47,0.22951382923896235,0.0
China,Pekín,175,81,354,39016.64,35228.65,3788.04,4279.58,69,481.69,434.92,0.12148010213278113,0.3942857142857143
China,Qinghai,12,5,20,1724.16,1537.83,186.33,262.93,1,344.83,307.57,0.17097468510823693,0.08333333333333333
China,Shaanxi,84,38,184,16637.82,14841.01,1796.83,1547.41,45,437.84,390.55,0.1042658147929285,0.5357142857142857
China,Shandong,442,186,871,84371.43,76436.43,7935.09,8869.01,221,453.61,410.95,0.1160311908863352,0.5
China,Shanghái,294,129,573,59550.44,53430.98,6119.54,4987.4,157,461.63,414.19,0.09334285090784408,0.5340136054421769
China,Shanxi,140,68,240,29528.01,27181.73,2346.35,3564.5,92,434.24,399.73,0.13113587692909906,0.6571428571428571
China,Sichuan,310,138,627,69450.89,62185.0,7265.96,7652.95,154,503.27,450.62,0.12306745999839189,0.4967741935483871
China,Tianjin,143,66,289,27818.33,24706.01,3112.38,2046.8,79,421.49,374.33,0.08284623862776709,0.5524475524475524
China,Xinjiang Uygur,38,15,72,6720.04,6087.05,633.02,1852.67,21,448.0,405.8,0.3043625401467049,0.5526315789473685
China,Yunnan,63,32,116,11449.09,10291.41,1157.72,869.79,34,357.78,321.61,0.08451611586750503,0.5396825396825397
China,Zhejiang,210,102,418,41193.77,37072.49,4121.35,6769.65,92,403.86,363.46,0.18260575429381734,0.4380952380952381
Chipre,Nicosia,12,4,23,2099.77,2012.07,87.7,378.18,8,524.94,503.02,0.18795568742638177,0.6666666666666666
Colombia,Antioquía,242,82,528,45347.72,41162.28,4185.5,4397.12,117,553.02,501.98,0.10682401460754846,0.4834710743801653
Colombia,Arauca,21,9,34,4597.65,3935.61,662.06,309.6,7,510.85,437.29,0.07866633126757985,0.3333333333333333
Colombia,Atlántico,164,52,349,30159.03,26872.6,3286.5,5460.32,91,579.98,516.78,0.2031928432678639,0.5548780487804879
Colombia,Bogotá,492,170,1094,96613.54,86865.87,9747.79,11056.93,238,568.31,510.98,0.12728739146916968,0.483739837398374
Colombia,Bolívar,56,18,125,10857.69,9779.35,1078.34,319.56,37,603.21,543.3,0.0326770184112441,0.6607142857142857
Colombia,Boyacá,20,8,51,3304.39,2889.51,414.89,766.07,13,413.05,361.19,0.26512107589176015,0.65
Colombia,Caldas,53,22,113,9730.53,8708.57,1021.97,-887.34,31,442.3,395.84,-0.10189273325012027,0.5849056603773585
Colombia,Caquetá,38,11,77,7863.17,6640.33,1222.86,1067.81,17,714.83,603.67,0.16080676713356112,0.4473684210526316
Colombia,Casanare,7,2,19,1673.76,1535.38,138.39,-318.46,5,836.88,767.69,-0.20741445114564472,0.7142857142857143
Colombia,Cesar,21,9,50,4114.32,3612.18,502.16,470.01,9,457.15,401.35,0.130118100426889,0.42857142857142855
Colombia,Chocó,9,3,16,1289.85,1146.25,143.6,358.13,9,429.95,382.08,0.31243620501635766,1.0
Colombia,Cundinamarca,74,29,149,15470.27,13967.09,1503.21,1734.06,46,533.46,481.62,0.12415327745435878,0.6216216216216216
Colombia,Córdoba,2,1,5,699.94,631.94,68.0,261.41,2,699.94,631.94,0.4136626894958383,1.0
Colombia,Huila,21,6,53,3901.38,3574.88,326.51,88.15,3,650.23,595.81,0.024658170344179383,0.14285714285714285
Colombia,Magdalena,37,15,73,6769.33,6126.78,642.56,1039.26,20,451.29,408.45,0.16962580670433733,0.5405405405405406
Colombia,Meta,4,1,12,949.85,863.86,85.99,376.93,0,949.85,863.86,0.436332276063251,0.0
Colombia,Nariño,21,6,37,4169.59,3722.4,447.19,615.76,12,694.93,620.4,0.1654201590371803,0.5714285714285714
Colombia,Norte de Santander,150,49,327,29751.4,26743.96,3007.46,5220.28,65,607.17,545.8,0.19519472808065821,0.43333333333333335
Colombia,Quindío,41,13,92,7827.07,7236.74,590.33,106.85,26,602.08,556.67,0.014764935592545823,0.6341463414634146
Colombia,Risaralda,65,19,174,13960.15,12614.38,1345.78,1468.31,44,734.74,663.91,0.11639969621971114,0.676923076923077
Colombia,Santander,124,42,278,24456.17,22250.74,2205.45,2264.25,66,582.29,529.78,0.10176066054432346,0.532258064516129
Colombia,Tolima,60,26,124,12839.61,11617.44,1222.18,1801.38,38,493.83,446.82,0.1550582572408379,0.6333333333333333
Colombia,Valle del Cauca,49,14,97,8554.9,7471.48,1083.44,1458.54,12,611.06,533.68,0.19521433504473007,0.24489795918367346
Corea del Sur,Busan,33,21,57,8403.98,7742.22,661.77,-154.83,16,400.19,368.68,-0.019998140068352484,0.48484848484848486
Corea del Sur,Chungcheong del Sur,2,2,2,515.8,475.01,40.79,145.95,1,257.9,237.5,0.30725668933285616,0.5
Corea del Sur,Daegu,31,15,47,6539.51,5894.32,645.19,1096.58,17,435.97,392.95,0.18604011997991285,0.5483870967741935
Corea del Sur,Daejeon,82,33,151,15557.94,14025.55,1532.41,1399.86,56,471.45,425.02,0.09980785067252264,0.6829268292682927
Corea del Sur,Gyeonggi,87,37,167,19819.45,17791.41,2028.08,3117.18,66,535.66,480.85,0.17520702406386002,0.7586206896551724
Corea del Sur,Gyeongsangnam,48,22,93,8215.5,7279.81,935.69,1522.11,22,373.43,330.9,0.20908650088395164,0.4583333333333333
Corea del Sur,Jeju,9,5,22,1769.06,1550.26,218.82,-862.12,6,353.81,310.05,-0.5561131681137357,0.6666666666666666
Corea del Sur,Seúl,269,131,506,57804.09,52172.63,5631.55,7067.23,160,441.25,398.26,0.13545857281873655,0.5947955390334573
Corea del Sur,Ulsan,22,9,46,4609.67,3925.22,684.47,1127.34,7,512.19,436.14,0.28720428409108273,0.3181818181818182
Costa Rica,Guanacaste,36,11,73,5947.17,5342.7,604.47,244.74,25,540.65,485.7,0.04580829917457464,0.6944444444444444
Costa de Marfil,Dix-Huit Montagnes,6,2,14,1439.8,1248.21,191.59,335.52,0,719.9,624.1,0.2688009229216237,0.0
Costa de Marfil,Fromager,14,4,26,3040.73,2623.46,417.28,-137.34,2,760.18,655.86,-0.052350712417951854,0.14285714285714285
Costa de Marfil,Haut-Sassandra,5,2,8,1089.92,984.32,105.6,166.11,5,544.96,492.16,0.16875609557867358,1.0
Costa de Marfil,Lacs,11,4,21,1935.8,1794.38,141.42,303.12,7,483.95,448.6,0.16892742897268137,0.6363636363636364
Costa de Marfil,Lagunes,188,62,442,34825.51,30888.98,3936.56,3622.71,132,561.7,498.21,0.11728163247863801,0.7021276595744681
Costa de Marfil,Savanes,1,1,1,399.98,363.98,36.0,171.07,1,399.98,363.98,0.46999835155777786,1.0
Costa de Marfil,Vallée du Bandama,32,12,80,5516.23,5090.49,425.74,1093.26,9,459.69,424.21,0.2147651797764066,0.28125
Croacia,Grad Zagreb,60,18,118,11914.9,10519.84,1395.08,1431.0,32,661.94,584.44,0.13602868484691782,0.5333333333333333
Croacia,Osjecko-Baranjska,4,1,10,1069.92,981.68,88.24,400.55,4,1069.92,981.68,0.40802501833591387,1.0
Croacia,Primorje-Gorski Kotar,5,2,13,711.85,627.19,84.66,-100.83,5,355.92,313.6,-0.16076468055932014,1.0
Croacia,Split-Dalmacia,13,5,30,2749.77,2510.98,238.79,334.61,6,549.95,502.2,0.13325872766808178,0.46153846153846156
Croacia,Zagrebacka,4,1,15,769.84,719.35,50.49,203.62,4,769.84,719.35,0.2830610968235212,1.0
Cuba,Artemisa,72,23,161,12564.4,11525.88,1038.52,1903.54,57,546.28,501.13,0.16515355009769317,0.7916666666666666
Cuba,Camagüey,241,80,541,47661.14,43274.49,4386.69,2487.35,112,595.76,540.93,0.05747843590993216,0.46473029045643155
Cuba,Ciego de Ávila,143,50,304,29009.01,26211.14,2797.89,3326.57,77,580.18,524.22,0.1269143577883297,0.5384615384615384
Cuba,Cienfuegos,188,59,381,35910.67,32292.3,3618.38,2389.18,110,608.66,547.33,0.07398605859601205,0.5851063829787234
Cuba,Granma,349,116,770,67720.76,60889.99,6830.81,7793.88,171,583.8,524.91,0.12799936409909085,0.4899713467048711
Cuba,Guantánamo,199,69,453,42093.0,37506.24,4586.88,5251.93,97,610.04,543.57,0.14002816597984763,0.48743718592964824
Cuba,Holguín,322,110,710,63745.76,56518.18,7227.64,5104.64,171,579.51,513.8,0.09031854882800544,0.531055900621118
Cuba,Isla de la Juventud,87,30,217,17826.9,16298.94,1527.97,715.32,44,594.23,543.3,0.0438875166115097,0.5057471264367817
Cuba,Las Tunas,285,96,663,57181.47,51294.47,5887.05,5958.66,131,595.64,534.32,0.11616573872388193,0.45964912280701753
Cuba,Matanzas,143,49,317,30797.58,28035.73,2761.9,4000.25,45,628.52,572.16,0.14268399645737778,0.3146853146853147
Cuba,Mayabeque,119,38,256,24666.92,22440.66,2226.28,2199.18,66,649.13,590.54,0.09799979144998408,0.5546218487394958
Cuba,Pinar del Río,287,97,631,57500.37,51036.88,6463.57,3027.89,152,592.79,526.15,0.0593274902384315,0.5296167247386759
Cuba,Sancti Spíritus,87,30,149,19318.28,17592.01,1726.29,877.12,55,643.94,586.4,0.04985899848851836,0.632183908045977
Cuba,Santiago de Cuba,797,269,1701,159966.02,142891.69,17074.55,11326.13,386,594.67,531.2,0.07926374164935693,0.48431618569636137
Cuba,Villa Clara,215,75,469,43377.13,38708.69,4668.54,4262.39,124,578.36,516.12,0.11011455050532581,0.5767441860465117
Dinamarca,Dinamarca Meridional,94,40,186,17656.56,15771.85,1884.72,-792.68,29,441.41,394.3,-0.050259164270519956,0.30851063829787234
Dinamarca,Jutlandia Central,13,4,30,2869.62,2523.83,345.79,283.21,0,717.4,630.96,0.11221437260037324,0.0
Dinamarca,Región Capital,166,62,330,35389.95,31692.07,3698.0,4932.94,91,570.81,511.16,0.1556521868088768,0.5481927710843374
Dinamarca,Selandia,12,4,28,2689.67,2461.1,228.58,801.15,8,672.42,615.28,0.325525171671204,0.6666666666666666
Ecuador,Azuay,37,12,69,7339.23,6406.78,932.46,445.73,14,611.6,533.9,0.06957161007557619,0.3783783783783784
Ecuador,Guayas,95,30,209,18114.58,16495.44,1619.18,-51.34,59,603.82,549.85,-0.003112375298870481,0.6210526315789474
Ecuador,Los Ríos,6,2,12,1489.91,1403.76,86.15,-260.22,6,744.96,701.88,-0.1853735681313045,1.0
Ecuador,Manabí,20,5,45,3629.71,3274.28,355.44,295.14,20,725.94,654.86,0.09013890076596992,1.0
Ecuador,Pichincha,136,48,308,28816.26,25632.74,3183.56,2365.4,98,600.34,534.02,0.09228041949475553,0.7205882352941176
Egipto,Al Bahr al Ahmar,50,17,125,8983.84,8302.09,681.76,1818.63,31,528.46,488.36,0.21905688808480758,0.62
Egipto,Al Buhayrah,7,3,11,1849.9,1534.4,315.5,498.32,0,616.63,511.47,0.32476538060479665,0.0
Egipto,Alejandría,276,90,614,54357.14,49228.0,5129.19,8306.85,117,603.97,546.98,0.1687423823840091,0.42391304347826086
Egipto,Ash Sharqiyah,21,6,57,4507.38,4142.73,364.65,795.7,19,751.23,690.46,0.19207141184677737,0.9047619047619048
Egipto,Asiut,10,3,17,2059.83,1794.84,265.0,255.02,3,686.61,598.28,0.14208508836442246,0.3
Egipto,Aswan,32,10,75,5519.08,4965.7,553.39,291.27,26,551.91,496.57,0.058656382785911364,0.8125
Egipto,Bani Suwayf,16,7,40,3079.62,2785.55,294.07,66.82,5,439.95,397.94,0.02398808134838721,0.3125
Egipto,El Cairo,600,201,1345,118495.6,106820.26,11675.51,6319.71,350,589.53,531.44,0.059162091535819146,0.5833333333333334
Egipto,Fayún,36,12,72,5511.22,4992.56,518.66,145.38,18,459.27,416.05,0.029119329562388836,0.5
Egipto,Gharbia,30,14,71,6675.13,6066.3,608.85,356.8,26,476.8,433.31,0.0588167416711999,0.8666666666666667
Egipto,Kafr el Sheij,5,2,9,672.9,621.12,51.78,-53.51,4,336.45,310.56,-0.08615082431736218,0.8
Egipto,Matruh,8,3,26,2189.64,1934.78,254.87,279.11,3,729.88,644.93,0.14425929563051096,0.375
Egipto,Menia,47,15,101,8592.9,7864.93,727.97,849.62,36,572.86,524.33,0.10802639057181691,0.7659574468085106
Egipto,Puerto Saíd,15,4,35,3230.64,2949.88,280.77,668.86,9,807.66,737.47,0.2267414267699025,0.6
Egipto,Qina,14,3,30,2575.77,2174.15,401.62,25.21,10,858.59,724.72,0.011595336108364178,0.7142857142857143
Egipto,Suhaj,22,6,46,4269.59,3826.4,443.19,449.02,10,711.6,637.73,0.11734789880827931,0.45454545454545453
El Salvador,Cuscatlán,121,37,257,23967.09,21385.58,2581.55,2474.12,51,647.76,577.99,0.11569104041134258,0.4214876033057851
El Salvador,La Libertad,100,30,214,19172.83,17206.64,1966.23,2664.35,68,639.09,573.55,0.15484429266841174,0.68
El Salvador,San Salvador,3055,1029,6670,611867.65,549913.44,61955.09,58095.04,1727,594.62,534.42,0.10564397189492222,0.565302782324059
El Salvador,Santa Ana,312,97,728,65749.51,59332.57,6417.06,8951.34,162,677.83,611.68,0.1508672218311123,0.5192307692307693
El Salvador,Sonsonate,138,45,274,26963.12,24554.11,2409.05,4867.06,83,599.18,545.65,0.1982177321841435,0.6014492753623188
Emiratos Árabes Unidos,Ajmán,7,3,14,1439.87,1250.08,189.79,465.04,3,479.96,416.69,0.3720081914757456,0.42857142857142855
Emiratos Árabes Unidos,Ras al-Jaima,22,8,46,4250.52,3781.61,468.91,363.77,17,531.32,472.7,0.09619447801333293,0.7727272727272727
Eritrea,Anseba,2,1,4,309.96,277.46,32.5,92.48,2,309.96,277.46,0.33330930584588775,1.0
Eslovaquia,Banská Bystrica,5,1,9,899.85,834.31,65.54,343.68,5,899.85,834.31,0.41193321427287216,1.0
Eslovaquia,Nitra,12,5,18,2389.72,2121.25,268.48,206.52,6,477.94,424.25,0.09735769004124925,0.5
Eslovaquia,ilina,5,2,10,1449.93,1303.43,146.5,37.7,5,724.96,651.72,0.028923685967025416,1.0
Eslovenia,Liubliana,6,3,15,1189.86,1043.97,145.89,23.0,5,396.62,347.99,0.02203128442388191,0.8333333333333334
España,Andalucía,508,188,1137,109574.28,98430.27,11144.12,4069.1,304,582.84,523.57,0.04133992520796702,0.5984251968503937
España,Asturias,45,19,96,10591.96,9287.77,1304.2,937.78,31,557.47,488.83,0.10096933924935694,0.6888888888888889
España,Cantabria,56,24,97,12276.3,11009.41,1266.89,1335.84,16,511.51,458.73,0.12133620239413374,0.2857142857142857
España,Castilla y León,274,109,587,63392.72,57348.65,6044.12,6861.94,148,581.58,526.13,0.11965303455268782,0.5401459854014599
España,Castilla-La Mancha,142,47,293,31079.72,28030.52,3049.23,1987.75,88,661.27,596.39,0.07091377541337086,0.6197183098591549
España,Cataluña,647,238,1433,141840.2,127143.5,14696.92,17142.54,365,595.97,534.22,0.13482828457608922,0.5641421947449768
España,Ceuta,64,22,135,11126.04,9993.32,1132.72,946.79,36,505.73,454.24,0.09474228784828265,0.5625
España,Extremadura,8,2,18,1669.86,1498.38,171.49,-52.82,4,834.93,749.19,-0.03525140485057196,0.5
España,Galicia,129,49,240,26789.01,23777.91,3011.14,3281.94,81,546.71,485.26,0.138024746497905,0.627906976744186
España,Islas Baleares,96,31,188,18282.86,16342.39,1940.48,2249.55,68,589.77,527.17,0.13765122482084935,0.7083333333333334
España,Madrid,992,381,2024,231242.92,206312.3,24930.86,31074.6,507,606.94,541.5,0.1506192311364858,0.5110887096774194
España,Melilla,7,3,12,1102.48,969.84,132.64,126.66,7,367.49,323.28,0.13059886166790396,1.0
España,Murcia,126,59,272,25548.8,23095.24,2453.62,1496.05,87,433.03,391.44,0.06477741733794497,0.6904761904761905
España,Navarra,31,11,66,6699.3,5888.04,811.27,866.87,13,609.03,535.28,0.1472255623263429,0.41935483870967744
España,País Vasco,294,112,586,61816.2,55103.43,6712.86,7415.04,160,551.93,491.99,0.1345658518898007,0.54421768707483
España,Valenciana,449,167,918,98494.07,88675.55,9818.64,13808.01,239,589.78,530.99,0.1557138354371639,0.532293986636971
Estados Unidos,Alabama,152,47,330,30133.5,27323.82,2809.7,3678.49,74,641.14,581.36,0.1346257587701866,0.4868421052631579
Estados Unidos,Arizona,555,186,1217,107966.89,96920.46,11046.58,13856.19,303,580.47,521.08,0.1429645505190545,0.5459459459459459
Estados Unidos,Arkansas,147,52,295,28261.14,25501.6,2759.54,2566.18,97,543.48,490.42,0.10062819587790568,0.6598639455782312
Estados Unidos,California,4966,1653,10881,984826.63,884014.62,100813.25,101563.16,2670,595.78,534.79,0.11488855240878257,0.5376560612162706
Estados Unidos,Carolina del Norte,611,206,1355,121796.24,110122.57,11673.78,13957.81,349,591.24,534.58,0.12674795003422096,0.5711947626841244
Estados Unidos,Carolina del Sur,121,39,255,22712.11,20409.58,2302.56,518.05,61,582.36,523.32,0.025382687933803633,0.5041322314049587
Estados Unidos,Colorado,475,157,1044,92701.73,83237.86,9464.01,11194.49,282,590.46,530.18,0.1344879601662032,0.5936842105263158
Estados Unidos,Connecticut,189,67,400,38804.01,34777.47,4026.64,3858.78,98,579.16,519.07,0.1109563174089432,0.5185185185185185
Estados Unidos,Dakota del Norte,20,5,48,3816.35,3465.43,350.92,270.42,16,763.27,693.09,0.07803360621914161,0.8
Estados Unidos,Dakota del Sur,29,10,66,5210.58,4716.08,494.51,1021.37,18,521.06,471.61,0.2165718138793235,0.6206896551724138
Estados Unidos,Delaware,241,81,506,49323.67,44542.06,4781.65,8404.22,135,608.93,549.9,0.18868054149269253,0.5601659751037344
Estados Unidos,Distrito de Columbia,39,9,93,8619.1,7637.16,981.95,1398.12,18,957.68,848.57,0.18306805147463193,0.46153846153846156
Estados Unidos,Florida,941,314,2050,188338.05,169186.46,19151.92,23591.92,518,599.8,538.81,0.13944331006157348,0.5504782146652497
Estados Unidos,Georgia,475,151,1047,94682.53,84903.78,9778.85,9512.84,270,627.04,562.28,0.11204259692560213,0.5684210526315789
Estados Unidos,Idaho,53,17,137,10945.56,9786.33,1159.25,2536.56,32,643.86,575.67,0.25919420252535935,0.6037735849056604
Estados Unidos,Illinois,1237,408,2626,240424.76,216443.94,23981.06,29278.11,683,589.28,530.5,0.13526879061617525,0.5521422797089733
Estados Unidos,Indiana,398,123,904,75706.77,68360.83,7346.08,12238.81,211,615.5,555.78,0.17903249565577245,0.5301507537688442
Estados Unidos,Iowa,89,24,185,15388.25,13880.67,1507.58,1486.7,44,641.18,578.36,0.1071057809169154,0.4943820224719101
Estados Unidos,Kansas,57,18,131,12487.55,11227.3,1260.27,1523.63,28,693.75,623.74,0.13570760556856945,0.49122807017543857
Estados Unidos,Kentucky,359,118,800,66377.25,59731.03,6646.32,7061.58,207,562.52,506.2,0.11822297388811143,0.5766016713091922
Estados Unidos,Luisiana,99,35,208,20749.72,18375.19,2374.53,3408.32,59,592.85,525.01,0.18548488478214378,0.5959595959595959
Estados Unidos,Maine,16,5,38,3348.74,3010.51,338.24,472.43,15,669.75,602.1,0.15692689942900037,0.9375
Estados Unidos,Maryland,255,86,564,51987.88,46734.53,5253.41,8784.68,162,604.51,543.42,0.18796979449670298,0.6352941176470588
Estados Unidos,Massachusetts,337,110,728,67610.29,60926.85,6683.49,5071.79,200,614.64,553.88,0.08324392283533451,0.5934718100890207
Estados Unidos,Michigan,610,200,1389,121785.21,109756.03,12029.32,11393.41,320,608.93,548.78,0.10380668834322816,0.5245901639344263
Estados Unidos,Minnesota,243,77,545,47736.27,42576.27,5160.07,6465.57,133,619.95,552.94,0.1518585352826821,0.5473251028806584
Estados Unidos,Misisipi,136,46,280,24454.89,21490.39,2964.54,3319.5,79,531.63,467.18,0.15446439082771415,0.5808823529411765
Estados Unidos,Misuri,173,55,383,34614.21,30952.65,3661.58,1431.5,92,629.35,562.78,0.046248059536097876,0.5317919075144508
Estados Unidos,Montana,39,14,88,7266.2,6512.9,753.31,1562.21,26,519.01,465.21,0.23986396229022403,0.6666666666666666
Estados Unidos,Nebraska,103,36,240,20444.39,18194.74,2249.7,1992.88,56,567.9,505.41,0.10953055663340062,0.5436893203883495
Estados Unidos,Nevada,108,33,239,20897.4,19054.56,1842.84,2471.53,64,633.25,577.41,0.12970805938316077,0.5925925925925926
Estados Unidos,Nueva Jersey,324,103,669,60159.05,54277.25,5881.87,3387.52,186,584.07,526.96,0.06241141546412171,0.5740740740740741
Estados Unidos,Nueva York,2753,924,6079,539369.15,485336.6,54033.22,58774.54,1594,583.73,525.26,0.12110057226263174,0.5790047221213221
Estados Unidos,Nuevo Hampshire,64,23,153,12120.64,10818.2,1302.47,2877.63,47,526.98,470.36,0.26599896470762235,0.734375
Estados Unidos,Nuevo México,96,27,213,18418.86,16691.74,1727.14,2221.01,50,682.18,618.21,0.1330604238982874,0.5208333333333334
Estados Unidos,Ohio,1122,379,2392,228853.55,205233.21,23620.57,30406.58,597,603.84,541.51,0.148156236507727,0.5320855614973262
Estados Unidos,Oklahoma,175,58,357,33185.14,29914.73,3270.44,2269.71,101,572.16,515.77,0.07587265537746789,0.5771428571428572
Estados Unidos,Oregón,274,99,556,51748.93,46540.97,5208.04,4643.15,135,522.72,470.11,0.09976478788473898,0.4927007299270073
Estados Unidos,Pensilvania,1406,474,3100,276402.89,247905.53,28497.62,30424.0,706,583.13,523.01,0.12272416835558288,0.5021337126600285
Estados Unidos,Rhode Island,135,49,310,26350.78,23417.22,2933.62,1844.24,79,537.77,477.9,0.07875571908194055,0.5851851851851851
Estados Unidos,Tennessee,454,152,980,83343.94,74751.27,8592.77,9935.48,260,548.32,491.78,0.1329138621992643,0.5726872246696035
Estados Unidos,Texas,2446,824,5448,484570.12,434870.71,49699.99,54664.95,1386,588.07,527.76,0.12570391323894864,0.5666394112837285
Estados Unidos,Utah,155,47,303,31524.47,28412.37,3112.12,1970.21,95,670.73,604.52,0.06934338810877094,0.6129032258064516
Estados Unidos,Vermont,22,9,47,5222.54,4735.03,487.51,937.55,12,580.28,526.11,0.19800296935816672,0.5454545454545454
Estados Unidos,Virginia,550,185,1204,104934.56,95108.64,9826.01,10564.71,282,567.21,514.1,0.11108044442650004,0.5127272727272727
Estados Unidos,Virginia Occidental,12,4,29,2939.67,2603.5,336.19,-378.78,0,734.92,650.88,-0.1454887651238717,0.0
Estados Unidos,Washington,1272,434,2869,245119.26,221081.77,24037.78,22922.15,656,564.79,509.4,0.1036817734904149,0.5157232704402516
Estados Unidos,Wisconsin,307,97,652,55986.15,49770.04,6216.19,7057.17,164,577.18,513.09,0.14179554607551048,0.5342019543973942
Estonia,Harjumaa,28,9,51,5473.43,4936.4,537.04,48.05,27,608.16,548.49,0.009733814115549789,0.9642857142857143
Estonia,Tartu,1,1,1,129.99,126.09,3.9,12.61,1,129.99,126.09,0.10000793084304861,1.0
Etiopía,Dire Dawa,25,7,53,3859.44,3451.71,407.74,446.41,9,551.35,493.1,0.12933010015325738,0.36
Filipinas,Calabarzón,161,75,287,34240.08,30602.78,3637.38,3072.03,92,456.53,408.04,0.10038401739972642,0.5714285714285714
Filipinas,Capital Nacional,1776,801,3522,354335.42,319483.19,34852.81,41207.96,989,442.37,398.86,0.1289831868775318,0.5568693693693694
Filipinas,Cordillera,47,21,107,10416.33,9507.15,909.19,1351.5,18,496.02,452.72,0.14215616667455547,0.3829787234042553
Filipinas,Luzón Central,44,22,71,8647.9,7748.78,899.12,848.78,20,393.09,352.22,0.10953724328216828,0.45454545454545453
Filipinas,Mindanao Septentrional,15,7,41,2897.12,2613.28,283.85,236.56,9,413.87,373.33,0.09052225555623583,0.6
Filipinas,Visayas Occidental,60,29,116,9732.96,8671.71,1061.26,971.09,34,335.62,299.02,0.11198368026606058,0.5666666666666667
Finlandia,Finlandia del Sudoeste,31,16,65,6047.89,5411.15,636.74,1088.25,15,377.99,338.2,0.20111251767184427,0.4838709677419355
Finlandia,Kymenlaakso,9,4,20,2114.81,1915.73,199.09,370.18,0,528.7,478.93,0.19323182285603918,0.0
Finlandia,Uusimaa,250,89,555,52966.52,47182.59,5783.99,4824.18,124,595.13,530.14,0.10224491703401614,0.496
Francia,Alsacia-Champaña-Ardenas-Lorena,868,303,1841,186954.95,169323.0,17632.13,22196.81,472,617.01,558.82,0.1310915233016188,0.543778801843318
Francia,Aquitania-Lemosín-Poitou-Charentes,912,333,1881,197061.96,177688.4,19373.79,18129.32,504,591.78,533.6,0.10202871993894931,0.5526315789473685
Francia,Auvernia,122,47,258,25344.26,22573.17,2771.11,-611.11,74,539.24,480.28,-0.027072404983438308,0.6065573770491803
Francia,Auvernia-Ródano-Alpes,1016,377,2028,215434.17,193299.86,22134.6,24924.87,521,571.44,512.73,0.12894406648820128,0.5127952755905512
Francia,Borgoña-Franco Condado,233,79,490,49395.92,44753.2,4642.76,7086.48,138,625.26,566.5,0.1583457719224547,0.592274678111588
Francia,Bretaña,430,153,902,92131.33,82914.46,9216.95,10422.26,257,602.17,541.92,0.12569894322413724,0.5976744186046512
Francia,Centro-Valle de Loira,270,101,572,64875.21,57864.61,7010.66,9187.19,147,642.33,572.92,0.15877044708328633,0.5444444444444444
Francia,Corse,35,10,74,7007.07,6149.92,857.15,588.59,16,700.71,614.99,0.09570693602518407,0.45714285714285713
Francia,Isla de Francia,4580,1692,9763,1013284.11,911398.49,101886.62,124945.77,2588,598.87,538.65,0.13709236011571624,0.5650655021834061
Francia,Languedoc-Rosellón-Mediodía-Pirineos,1084,388,2242,234866.82,211666.88,23200.3,24909.05,599,605.33,545.53,0.1176804325740522,0.5525830258302583
Francia,Normandía,448,172,935,95768.1,86079.54,9688.7,8139.82,250,556.79,500.46,0.09456161127255094,0.5580357142857143
Francia,Norte-Paso de Calais-Picardía,893,335,1850,197563.56,176981.09,20582.69,25027.29,506,589.74,528.3,0.14141222658307734,0.5666293393057111
Francia,Países del Loira,489,194,980,109043.11,98465.21,10577.99,10659.93,254,562.08,507.55,0.10826087711588692,0.5194274028629857
Francia,Provenza-Alpes-Costa Azul,1842,682,3860,391211.74,351165.64,40046.56,42222.31,1015,573.62,514.91,0.12023474164499692,0.5510314875135722
Gabón,Estuaire,45,12,111,9253.98,8202.37,1051.62,374.72,35,771.16,683.53,0.04568435708216039,0.7777777777777778
Georgia,Imericia,30,10,60,6235.36,5559.04,676.32,-844.78,19,623.54,555.9,-0.1519650874971218,0.6333333333333333
Georgia,Tiflis,63,20,125,12262.69,11163.42,1099.28,2012.72,45,613.13,558.17,0.18029600247952687,0.7142857142857143
Ghana,Ashanti,68,20,152,14058.27,12598.66,1459.62,1655.94,45,702.91,629.93,0.13143778782822935,0.6617647058823529
Ghana,Central,7,2,10,1519.89,1414.59,105.3,-638.98,2,759.94,707.3,-0.45170685498978497,0.2857142857142857
Ghana,Gran Accra,169,58,366,33598.06,30694.16,2903.92,4775.89,109,579.28,529.21,0.1555960482384923,0.6449704142011834
Ghana,Septentrional,20,7,44,3886.65,3598.6,288.05,336.73,4,555.24,514.09,0.09357250041682877,0.2
Grecia,Attica,28,11,61,6605.52,5940.61,664.92,207.43,11,600.5,540.06,0.03491728963860613,0.39285714285714285
Guadalupe,Guadalupe,36,13,69,6394.27,5618.95,775.32,625.01,14,491.87,432.23,0.11123252564981002,0.3888888888888889
Guatemala,Chimaltenango,125,44,251,25445.23,22934.1,2511.18,1511.84,79,578.3,521.23,0.06592105205785272,0.632
Guatemala,Escuintla,171,61,351,31175.11,28006.94,3168.19,1636.3,112,511.07,459.13,0.05842480470911852,0.6549707602339181
Guatemala,Guatemala,2109,680,4629,418330.86,376986.12,41345.18,39181.17,1120,615.19,554.39,0.10393265937748583,0.5310573731626363
Guatemala,Huehuetenango,150,49,348,28936.24,25971.56,2964.77,271.23,83,590.54,530.03,0.010443346491315881,0.5533333333333333
Guatemala,Quezaltenango,223,70,510,46629.67,41338.37,5291.33,4730.34,135,666.14,590.55,0.11442976585675729,0.6053811659192825
Guayana Francesa,Französisch-Guayana,9,3,23,1704.75,1577.86,126.89,-231.88,3,568.25,525.95,-0.1469585387803734,0.3333333333333333
Guinea,Kankan,20,5,51,4539.21,4121.35,417.87,925.51,10,907.84,824.27,0.2245647663993594,0.5
Guinea,Kindia,6,2,17,1215.87,1105.38,110.49,300.92,0,607.94,552.69,0.27223217355117696,0.0
Guinea,Nzérékoré,19,6,46,3709.5,3277.52,431.98,311.36,9,618.25,546.25,0.09499865752154069,0.47368421052631576
Guinea Ecuatorial,Litoral,2,2,4,319.96,310.36,9.6,103.36,2,159.98,155.18,0.3330326072947545,1.0
Guinea-Bissau,Bisáu,28,9,58,5169.41,4591.24,578.17,-1448.72,15,574.38,510.14,-0.31554002840191325,0.5357142857142857
Guyana,Demerara-Berbice Superior,19,6,39,4029.55,3583.38,446.17,501.45,15,671.59,597.23,0.1399377124390938,0.7894736842105263
Haití,Artibonito,60,19,119,10010.92,8966.56,1044.4,1318.76,45,526.89,471.92,0.14707535554326298,0.75
Haití,Ouest,474,155,984,89838.84,79883.79,9955.16,10429.33,244,579.61,515.38,0.1305562743079666,0.5147679324894515
Honduras,Atlántida,312,104,655,65646.96,59177.47,6469.57,10950.35,185,631.22,569.01,0.18504255082212875,0.592948717948718
Honduras,Choluteca,193,65,405,40259.34,35592.53,4666.85,6292.79,81,619.37,547.58,0.17680086242815557,0.41968911917098445
Honduras,Cortés,1160,377,2490,231841.1,208858.06,22983.32,22589.76,611,614.96,554.0,0.10815843065860134,0.5267241379310345
Honduras,Francisco Morazán,1783,578,3913,364129.98,328049.03,36081.36,40973.64,942,629.98,567.56,0.12490096373703649,0.5283230510375772
Honduras,Yoro,181,54,360,33082.28,29491.49,3590.83,4367.27,100,612.63,546.14,0.1480857698271603,0.5524861878453039
Hong Kong,Hong Kong,73,37,127,14034.02,12387.8,1646.27,307.03,27,379.3,334.81,0.024784868984000386,0.3698630136986301
Hungría,Budapest,143,44,335,29296.48,26583.68,2712.84,3993.32,84,665.83,604.17,0.15021697522690614,0.5874125874125874
Hungría,Békés,7,2,14,1549.76,1358.29,191.48,469.27,0,774.88,679.14,0.34548586826082794,0.0
Hungría,Gy?r,25,6,63,4404.23,3906.63,497.61,1270.95,25,734.04,651.1,0.3253315517466461,1.0
Hungría,Hajdú-Bihar,4,2,7,779.97,685.67,94.3,24.77,3,389.98,342.84,0.0361252497557134,0.75
India,Andhra Pradesh,215,96,432,44035.0,39200.84,4834.21,3450.02,122,458.7,408.34,0.08800882838224894,0.5674418604651162
India,Assam,60,31,128,10945.82,9914.18,1031.66,984.42,34,353.09,319.81,0.09929414232947154,0.5666666666666667
India,Bengala Occidental,140,61,299,31052.16,28030.41,3021.77,4273.61,88,509.05,459.51,0.15246334249124432,0.6285714285714286
India,Bihar,194,87,371,38699.19,35201.07,3498.2,6190.02,98,444.82,404.61,0.17584749554487974,0.5051546391752577
India,Chandigarh,18,8,40,3264.06,2832.76,431.31,-147.47,14,408.01,354.1,-0.05205876953924795,0.7777777777777778
India,Chhattisgarh,167,68,329,33800.94,30538.1,3262.9,4206.26,103,497.07,449.09,0.1377381042042563,0.6167664670658682
India,Delhi,182,73,381,33830.35,30091.43,3738.96,3388.6,90,463.43,412.21,0.11261013517802244,0.4945054945054945
India,Guyarat,272,123,530,59248.51,52925.35,6323.24,2440.46,169,481.7,430.29,0.046111362513426936,0.6213235294117647
India,Haryana,122,55,248,26731.96,23909.86,2822.15,3070.86,78,486.04,434.72,0.12843488000347975,0.639344262295082
India,Jammu y Cachemira,53,22,112,10516.55,9481.84,1034.73,1592.93,34,478.02,430.99,0.1679979835137484,0.6415094339622641
India,Jharkhand,76,34,152,14157.22,12463.44,1693.8,1437.64,24,416.39,366.57,0.11534857150192884,0.3157894736842105
India,Karnataka,335,171,654,70022.93,63143.3,6879.7,8651.66,188,409.49,369.26,0.13701627884510312,0.5611940298507463
India,Kerala,94,46,173,18152.54,16374.49,1778.07,466.41,54,394.62,355.97,0.028483940568530684,0.574468085106383
India,Madhya Pradesh,248,106,527,50541.97,45667.62,4874.39,4948.37,142,476.81,430.83,0.10835620511863767,0.5725806451612904
India,Maharashtra,905,393,1777,188849.29,170535.77,18313.86,20798.79,505,480.53,433.93,0.12196145125447877,0.5580110497237569
India,Manipur,17,9,40,2487.47,2219.69,267.8,768.15,7,276.39,246.63,0.34606183746379,0.4117647058823529
India,Odisha,58,29,108,12096.1,11024.38,1071.72,1620.08,24,417.11,380.15,0.14695429584248726,0.41379310344827586
India,Puducherry,38,12,100,9051.54,8121.89,929.65,-54.06,22,754.3,676.82,-0.006656086206535678,0.5789473684210527
India,Punyab,105,55,196,20786.6,18943.03,1843.61,2331.07,60,377.94,344.42,0.12305687104966842,0.5714285714285714
India,Rajastán,312,150,620,62679.44,56604.96,6074.59,8160.19,188,417.86,377.37,0.14416033506604367,0.6025641025641025
India,Tamil Nadu,366,157,714,67621.42,61163.9,6457.67,6718.61,201,430.71,389.58,0.10984600393369291,0.5491803278688525
India,Telangana,151,68,278,30976.76,27825.4,3151.38,1058.02,79,455.54,409.2,0.03802353245595751,0.5231788079470199
India,Tripura,6,3,16,1007.87,967.21,40.66,-663.42,5,335.96,322.4,-0.6859110224253264,0.8333333333333334
India,Uttar Pradesh,596,272,1206,113253.25,100876.17,12377.2,12504.81,310,416.37,370.87,0.12396198229968484,0.5201342281879194
India,Uttarakhand,53,23,108,8587.74,7911.79,675.97,1550.79,45,373.38,343.99,0.19601000532117258,0.8490566037735849
Indonesia,Aceh,19,8,35,3262.51,2956.6,305.92,329.17,15,407.81,369.58,0.11133396468916998,0.7894736842105263
Indonesia,Bali,67,30,137,15234.83,13583.54,1651.3,1543.55,42,507.83,452.78,0.11363385391436988,0.6268656716417911
Indonesia,Bengkulu,5,3,10,684.32,619.53,64.79,164.67,2,228.11,206.51,0.26579826642777593,0.4
Indonesia,Borneo Meridional,25,9,53,4145.31,3673.64,471.7,408.49,18,460.59,408.18,0.1111948911706101,0.72
Indonesia,Borneo Occidental,30,14,65,6823.98,6042.68,781.31,1305.68,19,487.43,431.62,0.2160763105112301,0.6333333333333333
Indonesia,Célebes Central,10,6,23,1962.53,1742.38,220.15,349.75,3,327.09,290.4,0.20073118378310126,0.3
Indonesia,Célebes Septentrional,45,23,99,9292.1,8363.62,928.51,1789.48,21,404.0,363.64,0.21395998383475096,0.4666666666666667
Indonesia,Célebes Suroriental,65,26,168,15481.53,13811.88,1669.67,864.25,39,595.44,531.23,0.06257294445071923,0.6
Indonesia,Jambi,41,17,74,6860.99,6218.07,642.93,848.59,19,403.59,365.77,0.13647160614145548,0.4634146341463415
Indonesia,Java Central,310,139,590,62381.45,56484.27,5897.26,5936.0,150,448.79,406.36,0.10509120503814601,0.4838709677419355
Indonesia,Java Occidental,817,368,1627,164816.08,148168.56,16647.88,10092.19,455,447.87,402.63,0.06811289790492667,0.5569155446756426
Indonesia,Java Oriental,575,267,1161,116720.07,104532.49,12187.75,11834.0,301,437.15,391.51,0.11320882148698456,0.5234782608695652
Indonesia,Kalimantan Oriental,170,84,329,31478.54,27862.77,3615.84,6268.24,101,374.74,331.7,0.22496829999314497,0.5941176470588235
Indonesia,Maluku,12,6,22,2267.17,2027.98,239.2,-285.84,7,377.86,338.0,-0.14094813558319116,0.5833333333333334
Indonesia,Nusa Tenggara Oriental,37,14,80,7565.89,6834.53,731.37,-164.97,29,540.42,488.18,-0.02413772417415681,0.7837837837837838
Indonesia,Nusatenggara Occidental,23,8,42,4277.99,3641.43,636.58,620.59,6,534.75,455.18,0.17042480563954268,0.2608695652173913
Indonesia,Papua,17,6,28,3597.29,3076.42,520.88,47.96,12,599.55,512.74,0.015589548891243723,0.7058823529411765
Indonesia,Riau,96,44,173,20081.93,17857.91,2224.07,2447.86,62,456.41,405.86,0.1370742712893054,0.6458333333333334
Indonesia,Sumatra Meridional,127,58,232,26729.02,23920.9,2808.14,1931.01,78,460.85,412.43,0.0807248055048096,0.6141732283464567
Indonesia,Sumatra Occidental,51,21,116,12323.3,11331.79,991.51,2891.58,36,586.82,539.61,0.2551741604812655,0.7058823529411765
Indonesia,Sumatra Septentrional,415,183,800,78728.98,71240.53,7488.58,8306.06,225,430.21,389.29,0.11659177718077054,0.5421686746987951
Indonesia,Yakarta,1006,469,2067,205532.43,184536.17,20996.57,26414.9,564,438.24,393.47,0.14314212763817522,0.5606361829025845
Indonesia,Yogyakarta,241,117,482,47357.67,42635.56,4722.2,6770.87,124,404.77,364.41,0.15880804661648634,0.5145228215767634
Irak,Arbil,119,35,293,24443.24,21801.32,2641.96,3233.74,47,698.38,622.89,0.14832771593646624,0.3949579831932773
Irak,Babilonia,33,11,71,7059.38,6359.16,700.23,842.67,26,641.76,578.11,0.13251278470741418,0.7878787878787878
Irak,Bagdad,436,143,923,80553.21,72480.03,8073.32,7650.32,210,563.31,506.85,0.10555072893871595,0.481651376146789
Irak,Basora,188,62,430,38532.35,34385.55,4146.85,2717.24,128,621.49,554.61,0.07902272902425582,0.6808510638297872
Irak,Cadisia,36,13,88,6827.2,6037.15,790.05,109.93,14,525.17,464.4,0.018208923084568056,0.3888888888888889
Irak,Di Car,14,4,42,3049.65,2619.39,430.26,115.46,6,762.41,654.85,0.04407896494985474,0.42857142857142855
Irak,Diala,6,2,15,1189.83,1053.65,136.18,360.38,0,594.92,526.83,0.34203008589189954,0.0
Irak,Karbala,19,6,40,3844.56,3505.19,339.38,616.78,8,640.76,584.2,0.17596193073699284,0.42105263157894735
Irak,Mesena,9,3,21,1767.75,1590.64,177.11,382.42,0,589.25,530.21,0.2404189508625459,0.0
Irak,Nínive,114,37,280,25521.09,22786.37,2734.76,2723.66,47,689.76,615.85,0.11953022793889505,0.41228070175438597
Irak,Saladino,2,2,7,379.89,322.5,57.39,77.61,2,189.94,161.25,0.2406511627906977,1.0
Irlanda,Cork,89,37,158,21247.84,19416.25,1831.59,2582.13,58,574.27,524.76,0.13298808987317326,0.651685393258427
Irlanda,Dublín,373,139,801,90864.54,81750.17,9114.5,3290.98,214,653.7,588.13,0.04025655237169537,0.5737265415549598
Irlanda,Dublín del Sur,24,9,49,3700.88,3248.52,452.38,477.03,21,411.21,360.95,0.14684533264378855,0.875
Irlanda,Galway,5,2,8,869.96,756.36,113.6,238.55,5,434.98,378.18,0.3153921413083716,1.0
Irán,Ardebil,69,20,145,14628.38,12952.63,1675.78,2079.96,49,731.42,647.63,0.16058205939643144,0.7101449275362319
Irán,Bushehr,14,3,36,3539.58,3204.1,335.49,307.69,9,1179.86,1068.03,0.09603008645173372,0.6428571428571429
Irán,Fars,146,53,303,27761.9,24821.7,2940.24,4334.88,52,523.81,468.33,0.1746407377415729,0.3561643835616438
Irán,Golestán,6,2,12,1519.89,1382.44,137.45,309.65,6,759.94,691.22,0.22398802117994268,1.0
Irán,Guilán,67,24,134,13533.55,11941.02,1592.56,1355.66,36,563.9,497.54,0.11352966496999418,0.5373134328358209
Irán,Hamadán,75,25,178,14602.35,13344.77,1257.6,1831.78,33,584.09,533.79,0.13726576029410772,0.44
Irán,Hormozgán,26,7,58,4499.39,3994.49,504.91,891.8,11,642.77,570.64,0.2232575372575723,0.4230769230769231
Irán,Ilam,5,2,8,919.9,845.5,74.4,187.71,5,459.95,422.75,0.2220106445890006,1.0
Irán,Isfahán,76,26,178,14315.1,12856.45,1458.66,172.38,38,550.58,494.48,0.013408055878566789,0.5
Irán,Jorasán Razaví,202,78,468,41358.6,37137.65,4221.01,3523.19,131,530.24,476.12,0.09486841520667032,0.6485148514851485
Irán,Jorasán del Sur,8,2,21,1369.8,1210.83,158.97,-517.9,3,684.9,605.42,-0.42772313206643375,0.375
Irán,Juzestán,138,44,301,27164.95,24344.18,2820.82,3241.59,62,617.39,553.28,0.13315667235454223,0.4492753623188406
Irán,Kerman,51,16,119,9419.76,8359.7,1060.07,712.11,28,588.74,522.48,0.08518367884014975,0.5490196078431373
Irán,Kermanshah,68,23,152,15913.37,14412.64,1500.76,4059.84,22,691.89,626.64,0.2816860755559009,0.3235294117647059
Irán,Kurdistán,30,12,74,5099.28,4571.56,527.74,855.29,20,424.94,380.96,0.18708930868237536,0.6666666666666666
Irán,Lorestan,61,22,122,11983.62,10630.07,1353.58,722.15,34,544.71,483.18,0.06793464201082401,0.5573770491803278
Irán,Markazí,41,18,78,8288.07,7326.89,961.2,537.75,24,460.45,407.05,0.07339403212004002,0.5853658536585366
Irán,Mazandarán,51,17,129,10698.59,9638.23,1060.39,1564.46,31,629.33,566.95,0.1623181849779472,0.6078431372549019
Irán,Qazvín,11,4,23,1767.66,1588.74,178.93,131.17,10,441.92,397.18,0.08256228205999724,0.9090909090909091
Irán,Qom,93,30,189,16365.03,14719.83,1645.22,2536.13,62,545.5,490.66,0.17229343001923256,0.6666666666666666
Irán,Semnán,2,1,6,245.91,212.2,33.71,46.11,2,245.91,212.2,0.21729500471253535,1.0
Irán,Sistán y Baluchistán,56,18,113,10317.84,9333.72,984.13,1690.21,34,573.21,518.54,0.18108642641947692,0.6071428571428571
Irán,Teherán,73,23,137,13177.58,11784.26,1393.33,1435.35,44,572.94,512.36,0.12180230239319227,0.6027397260273972
Irán,Yazd,33,10,60,6679.27,5967.73,711.54,1278.03,14,667.93,596.77,0.21415680669199175,0.42424242424242425
Irán,Zanyán,58,18,111,10699.78,9788.03,911.77,1623.46,37,594.43,543.78,0.16586177198067434,0.6379310344827587
Israel,Central,4,2,8,1029.9,850.81,179.09,-471.41,1,514.95,425.4,-0.554072001974589,0.25
Israel,Haifa,59,16,120,11241.65,10095.02,1146.64,478.64,42,702.6,630.94,0.04741347714021368,0.711864406779661
Israel,Jerusalén,67,25,147,12858.28,11448.54,1409.75,2065.09,43,514.33,457.94,0.1803802056856158,0.6417910447761194
Israel,Meridional,29,10,60,6559.3,5975.06,584.26,1063.47,13,655.93,597.51,0.1779848235833615,0.4482758620689655
Israel,Tel Aviv,106,36,229,22334.63,20605.96,1728.69,2860.08,57,620.41,572.39,0.13879867766413212,0.5377358490566038
Italia,Abruzos,61,24,126,15515.62,14180.58,1335.04,1069.83,35,646.48,590.86,0.07544331755118619,0.5737704918032787
Italia,Apulia,400,146,851,85323.04,76078.3,9244.86,7594.81,216,584.4,521.08,0.09982886052921791,0.54
Italia,Basilicata,6,3,14,1207.02,1038.02,169.0,65.54,4,402.34,346.01,0.06313943854646346,0.6666666666666666
Italia,Calabria,32,13,63,7422.61,6509.28,913.33,484.04,21,570.97,500.71,0.07436152692770936,0.65625
Italia,Campania,485,175,981,99249.28,89108.8,10140.63,10931.28,199,567.14,509.19,0.1226734059935719,0.41030927835051545
Italia,Cerdeña,109,41,231,22614.07,20660.94,1953.15,1924.27,69,551.56,503.93,0.0931356462968287,0.6330275229357798
Italia,Emilia-Romaña,516,188,1100,115053.48,103540.2,11513.41,8765.55,296,611.99,550.75,0.08465842252574363,0.5736434108527132
Italia,Friuli-Venecia Julia,19,9,31,5309.0,4871.93,437.07,1493.52,11,589.89,541.33,0.30655612868000975,0.5789473684210527
Italia,Lacio,828,321,1616,183437.6,164908.47,18529.34,25314.08,464,571.46,513.73,0.15350381942176775,0.5603864734299517
Italia,Liguria,129,47,270,28744.24,25707.69,3036.59,4514.4,93,611.58,546.97,0.17560504269345087,0.7209302325581395
Italia,Lombardía,689,262,1458,140715.04,126882.75,13832.42,17548.96,312,537.08,484.29,0.1383084777087508,0.4528301886792453
Italia,Marche,80,29,142,16814.45,14992.02,1822.44,2779.81,13,579.81,516.97,0.18541930973944803,0.1625
Italia,Piamonte,360,125,734,75317.92,68290.19,7027.81,10138.47,215,602.54,546.32,0.1484615872352969,0.5972222222222222
Italia,Sicilia,457,175,934,101321.97,90816.57,10505.51,12553.8,241,578.98,518.95,0.13823248334527496,0.5273522975929978
Italia,Toscana,439,171,904,98983.85,89186.69,9797.29,8505.22,256,578.85,521.56,0.09536422979706949,0.5831435079726651
Italia,Trentino-Alto Adigio,97,30,207,19980.53,17887.21,2093.33,2041.03,51,666.02,596.24,0.11410555363301488,0.5257731958762887
Italia,Umbría,40,19,67,6721.52,6055.13,666.39,420.62,25,353.76,318.69,0.06946506515962497,0.625
Italia,Véneto,242,102,489,48450.41,43115.56,5334.9,5400.24,151,475.0,422.7,0.1252503736470082,0.6239669421487604
Jamaica,Santa Caterina,170,54,390,33063.83,29667.31,3396.55,4995.31,85,612.29,549.39,0.1683775846209178,0.5
Japón,Aichi,42,21,69,9895.0,8836.6,1058.41,836.52,25,471.19,420.79,0.09466536903333861,0.5952380952380952
Japón,Aomori,1,1,4,399.96,339.97,59.99,29.92,1,399.96,339.97,0.08800776539106392,1.0
Japón,Chiba,46,20,96,8107.16,7150.77,956.4,444.25,20,405.36,357.54,0.06212617662153864,0.43478260869565216
Japón,Fukui,17,5,35,3559.65,3117.6,442.05,-272.06,8,711.93,623.52,-0.08726584552219659,0.47058823529411764
Japón,Fukuoka,15,6,24,2962.34,2626.69,335.65,-491.15,8,493.72,437.78,-0.1869843795803844,0.5333333333333333
Japón,Gunma,21,8,46,3461.51,3078.76,382.75,-172.05,4,432.69,384.84,-0.0558828879159142,0.19047619047619047
Japón,Hiroshima,21,7,40,3384.6,2954.05,430.55,630.32,12,483.51,422.01,0.21337485824545963,0.5714285714285714
Japón,Hokkaido,16,6,38,3261.4,2999.48,261.93,442.73,4,543.57,499.91,0.14760225105684985,0.25
Japón,Hyogo,53,20,107,9338.14,8238.17,1100.0,36.48,28,466.91,411.91,0.004428167906221901,0.5283018867924528
Japón,Ibaraki,11,4,23,1849.74,1642.86,206.88,427.09,6,462.44,410.72,0.2599673739697844,0.5454545454545454
Japón,Ishikawa,15,6,27,3234.2,2846.0,388.2,978.71,4,539.03,474.33,0.34388966971187634,0.26666666666666666
Japón,Kagawa,11,7,16,2796.51,2366.0,430.52,411.69,6,399.5,338.0,0.17400253592561282,0.5454545454545454
Japón,Kanagawa,54,22,108,11683.31,10649.49,1033.84,681.19,41,531.06,484.07,0.06396456543928396,0.7592592592592593
Japón,Mie,1,1,2,199.98,159.98,40.0,-282.69,1,199.98,159.98,-1.7670333791723967,1.0
Japón,Nagano,9,4,14,1660.03,1434.7,225.33,-77.51,0,415.01,358.68,-0.05402523175576775,0.0
Japón,Nagasaki,14,10,29,3315.43,2967.49,347.94,492.3,9,331.54,296.75,0.16589777893101576,0.6428571428571429
Japón,Oita,44,19,101,8191.02,7402.13,788.91,877.89,14,431.11,389.59,0.11859964631801927,0.3181818181818182
Japón,Okayama,3,2,5,540.64,488.81,51.83,-64.64,3,270.32,244.4,-0.1322395204680755,1.0
Japón,Osaka,64,32,124,13819.03,12271.13,1547.92,1730.77,32,431.84,383.47,0.14104406032696254,0.5
Japón,Saga,15,7,25,1782.42,1632.96,149.46,243.48,13,254.63,233.28,0.149103468547913,0.8666666666666667
Japón,Saitama,35,16,67,8646.67,7683.43,963.24,654.36,25,540.42,480.21,0.08516508902924864,0.7142857142857143
Japón,Shizuoka,30,15,55,5755.06,5185.67,569.4,-123.53,18,383.67,345.71,-0.02382141555478848,0.6
Japón,Tochigi,12,4,20,2884.98,2621.12,263.86,734.55,0,721.24,655.28,0.28024279697228666,0.0
Japón,Tokio,180,92,329,35165.06,31907.16,3257.97,3476.52,101,382.23,346.82,0.10895736254809266,0.5611111111111111
Japón,Tottori,1,1,5,299.95,248.96,50.99,80.91,1,299.95,248.96,0.32499196658097684,1.0
Japón,Yamaguchi,27,13,47,8158.34,7586.01,572.33,345.48,8,627.56,583.54,0.04554172746938113,0.2962962962962963
Jordania,Amán,101,34,220,18612.72,16641.27,1971.47,1296.23,49,547.43,489.45,0.07789249258019369,0.48514851485148514
Jordania,Irbid,7,2,11,1393.89,1260.65,133.24,-77.88,7,696.94,630.33,-0.06177765438464279,1.0
Kazajistán,Akmola,22,7,56,4363.19,3831.89,531.3,925.76,4,623.31,547.41,0.24159357392827038,0.18181818181818182
Kazajistán,Almaty,18,7,32,3939.62,3412.73,526.9,563.81,3,562.8,487.53,0.16520791272676125,0.16666666666666666
Kazajistán,Astaná,52,17,111,9455.94,8468.83,987.11,1549.87,25,556.23,498.17,0.1830087509136445,0.4807692307692308
Kazajistán,Ciudad de Almatý,43,16,105,8674.0,7764.81,909.2,410.72,41,542.12,485.3,0.052895048301246285,0.9534883720930233
Kazajistán,Karagandá,63,20,152,12867.41,11266.84,1600.59,1074.14,47,643.37,563.34,0.09533640310859122,0.746031746031746
Kazajistán,Kostanái,26,7,50,5424.38,4899.82,524.57,238.01,8,774.91,699.97,0.048575253784832906,0.3076923076923077
Kazajistán,Pavlodar,44,15,92,8017.74,7151.34,866.4,818.83,24,534.52,476.76,0.11450021953927514,0.5454545454545454
Kazajistán,Zhambyl,6,2,9,999.91,933.41,66.5,256.03,6,499.96,466.71,0.27429532574109977,1.0
Kenia,Central,9,4,13,2167.82,1960.42,207.4,607.22,9,541.96,490.1,0.3097397496454841,1.0
Kenia,Costa,60,21,136,13569.53,12151.18,1418.37,1438.63,32,646.17,578.63,0.11839426294401037,0.5333333333333333
Kenia,Gran Valle del Rift,29,9,55,5967.42,5238.91,728.51,68.47,8,663.05,582.1,0.013069512551274974,0.27586206896551724
Kenia,Nairobi,120,38,263,24496.18,22057.3,2438.92,2707.68,52,644.64,580.46,0.12275663839182492,0.43333333333333335
Kenia,Nyanza,18,9,37,4111.57,3749.71,361.86,-1079.72,15,456.84,416.63,-0.28794760128116575,0.8333333333333334
Kenia,Oriental,2,1,2,349.96,307.96,42.0,84.61,0,349.96,307.96,0.2747434731783348,0.0
Kirguistán,Bishkek,89,31,180,16831.33,15197.05,1634.3,2745.87,38,542.95,490.23,0.18068440914519593,0.42696629213483145
Kirguistán,Osh,9,3,13,2159.87,1972.92,186.95,401.93,0,719.96,657.64,0.20372341503963667,0.0
Kuwait,Al Asimah,2,1,4,334.96,325.61,9.35,133.83,0,334.96,325.61,0.4110131752710297,0.0
Laos,Prefectura de Vientián,6,3,11,683.01,621.64,61.38,84.09,6,227.67,207.21,0.1352712180683354,1.0
Lesoto,Maseru,20,6,33,3149.62,2853.48,296.14,484.53,10,524.94,475.58,0.16980318768661423,0.5
Liberia,Grand Gedeh,3,1,6,799.97,733.97,66.0,194.04,3,799.97,733.97,0.26437047835742605,1.0
Liberia,Montserrado,31,11,67,6174.31,5402.34,771.98,-12.05,11,561.3,491.12,-0.0022305149250139893,0.3548387096774194
Libia,Al Marqab,6,2,7,1309.91,1220.81,89.1,306.57,3,654.96,610.4,0.2511201579279331,0.5
Libia,Bengasi,70,21,154,13698.61,12394.04,1304.57,2842.17,35,652.31,590.19,0.22931747840090883,0.5
Libia,Misurata,29,10,63,6209.46,5706.34,503.13,232.38,11,620.95,570.63,0.04072312550601611,0.3793103448275862
Lituania,Kaunas,34,11,81,5959.21,5354.08,605.14,446.29,16,541.75,486.73,0.08335512356931536,0.47058823529411764
Lituania,Klaip?da,11,3,34,1774.68,1567.42,207.27,449.85,11,591.56,522.47,0.28700029347590306,1.0
Lituania,Panevezys,22,7,51,4599.41,4142.59,456.82,112.21,9,657.06,591.8,0.02708691905305618,0.4090909090909091
Lituania,Vilna,58,17,111,10263.76,9227.3,1036.46,1718.31,37,603.75,542.78,0.18622023777269625,0.6379310344827587
Lituania,iauliai,8,3,15,1354.88,1193.79,161.09,19.99,1,451.63,397.93,0.016744988649594984,0.125
Luxemburgo,Luxemburgo,10,4,22,1764.72,1556.05,208.68,483.13,10,441.18,389.01,0.3104848815912085,1.0
Líbano,Beirut,14,7,33,2269.75,2076.76,192.99,548.04,5,324.25,296.68,0.2638918315067701,0.35714285714285715
Líbano,Líbano del Norte,6,2,13,697.9,612.66,85.24,210.19,1,348.95,306.33,0.34307772663467506,0.16666666666666666
Macedonia,Bitola,1,1,1,399.98,391.98,8.0,54.88,1,399.98,391.98,0.14000714322159294,1.0
Macedonia,Kumanovo,5,2,16,1149.9,1128.65,21.25,242.57,0,574.95,564.33,0.2149204802197315,0.0
Madagascar,Analamanga,102,33,236,19626.69,17484.48,2142.22,2144.55,49,594.75,529.83,0.12265449129742494,0.4803921568627451
Madagascar,Atsimo-Andrefana,2,1,5,499.9,447.9,52.0,134.26,0,499.9,447.9,0.29975440946639875,0.0
Madagascar,Atsinanana,8,3,13,1519.82,1361.68,158.15,259.63,8,506.61,453.89,0.1906688796192938,1.0
Madagascar,Boeny,19,6,43,3114.47,2820.03,294.44,705.59,10,519.08,470.01,0.25020655808626147,0.5263157894736842
Madagascar,Diana,12,5,22,2309.8,2045.41,264.39,-106.12,4,461.96,409.08,-0.05188201876396419,0.3333333333333333
Madagascar,Haute-Matsiatra,6,2,14,1499.87,1442.17,57.7,-25.25,3,749.94,721.08,-0.017508338129346747,0.5
Malasia,Kuala Lumpur,98,46,224,18247.83,16611.17,1636.69,868.54,48,396.69,361.11,0.05228650359968623,0.4897959183673469
Malasia,Negeri Sembilan,65,30,118,12113.93,10943.67,1170.27,1634.69,38,403.8,364.79,0.14937310792448968,0.5846153846153846
Malasia,Pahang,71,36,133,13884.93,12551.31,1333.65,923.94,46,385.69,348.65,0.07361303322123348,0.647887323943662
Malasia,Perak,112,46,210,21473.96,19582.52,1891.48,3031.84,65,466.83,425.71,0.1548237918306735,0.5803571428571429
Malasia,Sabah,123,61,249,25669.92,23308.01,2361.97,2050.69,75,420.82,382.1,0.08798220011060574,0.6097560975609756
Malasia,Sarawak,25,16,35,4772.75,4427.42,345.33,997.72,21,298.3,276.71,0.22535020395625444,0.84
Malasia,Selangor,31,12,56,6356.9,5628.55,728.37,803.53,26,529.74,469.05,0.14275968055715949,0.8387096774193549
Malasia,Trengganu,19,8,35,3173.99,2796.56,377.45,319.09,14,396.75,349.57,0.11410089538575964,0.7368421052631579
Mali,Bamako,75,26,181,13977.22,12576.67,1400.55,614.02,38,537.59,483.72,0.04882214449452836,0.5066666666666667
Mali,Kayes,16,6,31,3017.62,2661.38,356.26,-63.76,10,502.94,443.56,-0.023957495735295223,0.625
Mali,Mopti,9,3,18,2577.78,2250.94,326.85,421.79,9,859.26,750.31,0.1873839373772735,1.0
Mali,Sikasso,3,1,6,369.98,319.98,50.0,81.9,3,369.98,319.98,0.25595349709356835,1.0
Marruecos,Chauía-Uardiga,34,13,81,7578.13,6860.57,717.57,1101.02,16,582.93,527.74,0.16048520749733622,0.47058823529411764
Marruecos,Dukala-Abda,10,6,25,1594.77,1410.68,184.09,363.08,3,265.8,235.11,0.25737941985425467,0.3
Marruecos,Fez-Bulmán,85,27,196,15475.88,13899.2,1576.69,2348.1,50,573.18,514.79,0.1689377805916887,0.5882352941176471
Marruecos,Garb-Chrarda-Beni Hsen,27,8,77,5207.22,4769.82,437.4,1389.28,24,650.9,596.23,0.29126465988234357,0.8888888888888888
Marruecos,Gran Casablanca,357,110,747,71069.75,63827.82,7242.01,10709.69,223,646.09,580.25,0.16779031463083027,0.6246498599439776
Marruecos,Guelmim-Esmara,5,1,10,889.85,810.96,78.89,253.91,0,889.85,810.96,0.3130980566242478,0.0
Marruecos,Marrakech-Tensift-Al Hauz,104,33,220,19383.74,17082.62,2301.15,1738.15,49,587.39,517.66,0.10174961452048925,0.47115384615384615
Marruecos,Mequinez-Tafilalet,54,23,128,12020.72,10639.79,1380.94,-1515.94,29,522.64,462.6,-0.1424783759829846,0.5370370370370371
Marruecos,Rabat-Salé-Zemur-Zaer,323,104,701,62556.26,56587.01,5969.3,6051.9,180,601.5,544.11,0.1069485735330423,0.5572755417956656
Marruecos,Sus-Masa-Draa,41,14,94,8213.09,7378.96,834.15,299.74,14,586.65,527.07,0.04062090050630442,0.34146341463414637
Marruecos,Tadla-Azilal,12,6,24,3225.67,2943.3,282.37,-1307.1,4,537.61,490.55,-0.4440933645907654,0.3333333333333333
Marruecos,Taza-Alhucemas-Taunat,9,4,28,1874.83,1685.86,188.97,28.09,3,468.71,421.46,0.01666211903716799,0.3333333333333333
Marruecos,Tánger-Tetuán,74,25,161,14330.11,13126.07,1204.07,1419.23,23,573.2,525.04,0.10812299492536609,0.3108108108108108
Martinica,Martinica,120,45,264,24137.01,21852.26,2284.75,2878.02,63,536.38,485.61,0.13170354004574353,0.525
Mauritania,Nouakchott,21,6,53,4601.45,4091.75,509.71,1011.28,8,766.91,681.96,0.24715097452190382,0.38095238095238093
Moldavia,Balti,13,5,31,2328.7,2079.28,249.42,-145.28,10,465.74,415.86,-0.06987033973298448,0.7692307692307693
Moldavia,Chisináu,65,23,158,13022.4,11500.98,1521.47,1036.47,44,566.19,500.04,0.0901201462831863,0.676923076923077
Mongolia,Ulán Bator,79,28,185,15481.74,14059.5,1422.26,-286.23,52,552.92,502.12,-0.02035847647498133,0.6582278481012658
Montenegro,Podgorica,11,4,22,2389.72,2229.24,160.49,817.82,5,597.43,557.31,0.3668604546841075,0.45454545454545453
Mozambique,Cabo Delgado,5,1,14,859.91,750.31,109.6,-65.92,0,859.91,750.31,-0.08785701909877254,0.0
Mozambique,Cidade De Maputo,72,25,156,14600.38,13099.67,1500.72,1924.87,42,584.02,523.99,0.1469403427719935,0.5833333333333334
Mozambique,Inhambane,2,1,9,379.91,375.91,4.0,50.51,2,379.91,375.91,0.13436726876113966,1.0
Mozambique,Manica,17,5,29,2789.75,2521.98,267.78,540.3,17,557.95,504.4,0.2142364332786144,1.0
Mozambique,Maputo,38,12,79,7534.16,6882.7,651.47,1912.65,27,627.85,573.56,0.27789239687913175,0.7105263157894737
Mozambique,Nampula,19,6,41,3469.51,3163.24,306.28,556.15,12,578.25,527.21,0.17581656782286517,0.631578947368421
Mozambique,Niassa,12,4,17,2199.75,1936.66,263.1,291.97,10,549.94,484.16,0.1507595551103446,0.8333333333333334
Mozambique,Sofala,44,10,85,8649.02,7688.73,960.3,1455.82,27,864.9,768.87,0.18934466420332094,0.6136363636363636
Mozambique,Tete,6,2,17,843.88,772.14,71.74,197.63,3,421.94,386.07,0.25595099334317606,0.5
Mozambique,Zambezia,29,9,68,6734.13,6208.65,525.49,1593.09,16,748.24,689.85,0.25659201275639626,0.5517241379310345
Myanmar (Birmania),Rangún,409,193,769,80748.77,72172.48,8576.48,8666.07,222,418.39,373.95,0.12007443834547463,0.5427872860635696
México,Baja California,599,202,1319,122907.99,110422.3,12485.82,11355.09,364,608.46,546.65,0.10283330450461546,0.6076794657762938
México,Baja California Sur,15,5,36,3445.77,3130.78,314.99,248.68,6,689.15,626.16,0.07943068500501473,0.4
México,Campeche,123,37,283,24704.32,22257.32,2447.01,2476.46,58,667.68,601.55,0.11126496810936806,0.4715447154471545
México,Chiapas,224,73,525,45715.18,41129.43,4585.82,6207.87,113,626.24,563.42,0.1509349874287098,0.5044642857142857
México,Chihuahua,765,263,1642,149135.87,134248.01,14887.98,12289.84,391,567.06,510.45,0.09154578902137915,0.5111111111111111
México,Coahuila,518,174,1160,101834.61,91199.98,10634.74,13552.65,291,585.26,524.14,0.1486036510095726,0.5617760617760618
México,Colima,156,49,338,31246.57,28256.83,2989.77,2489.6,103,637.69,576.67,0.08810613221652959,0.6602564102564102
México,Distrito Federal,2353,792,5120,468883.36,420816.48,48067.51,53266.0,1313,592.02,531.33,0.1265777423925983,0.5580110497237569
México,Durango,287,96,586,59087.54,53285.51,5802.07,4955.15,189,615.5,555.06,0.09299244766541598,0.6585365853658537
México,Guanajuato,812,266,1818,162550.11,146285.39,16264.9,20447.74,477,611.09,549.95,0.13977978251963508,0.5874384236453202
México,Guerrero,94,26,208,18727.89,16849.54,1878.37,2587.54,54,720.3,648.06,0.15356739709214612,0.574468085106383
México,Hidalgo,11,3,20,2619.77,2388.08,231.7,749.93,2,873.26,796.03,0.31403051824059497,0.18181818181818182
México,Jalisco,1217,395,2667,244186.95,219987.41,24199.92,26932.66,648,618.19,556.93,0.12242818804948882,0.5324568611339359
México,Michoacán,431,149,899,87444.2,78651.89,8792.41,11321.09,223,586.87,527.87,0.14393919840959957,0.5174013921113689
México,Morelos,169,56,358,31538.78,28218.33,3320.51,5108.96,101,563.19,503.9,0.1810511111040235,0.5976331360946746
México,México,808,270,1755,160892.12,144961.03,15931.33,20784.2,423,595.9,536.89,0.14337784437651968,0.5235148514851485
México,Nayarit,158,49,338,32218.44,28894.28,3324.21,3009.39,73,657.52,589.68,0.1041517559876903,0.4620253164556962
México,Nuevo León,623,206,1345,128309.46,116098.88,12210.7,17297.71,325,622.86,563.59,0.14899118751188642,0.521669341894061
México,Oaxaca,16,7,31,3419.67,3122.18,297.5,1149.26,9,488.52,446.03,0.3680953692612213,0.5625
México,Puebla,739,231,1578,146433.59,131705.56,14728.23,12753.0,402,633.91,570.15,0.09682962511225798,0.543978349120433
México,Querétaro,237,82,557,48946.64,43645.21,5301.51,6966.44,150,596.91,532.26,0.1596152246718483,0.6329113924050633
México,Quintana Roo,168,59,395,35356.9,31798.86,3558.1,5369.44,101,599.27,538.96,0.16885636780689622,0.6011904761904762
México,San Luis Potosí,295,93,634,57292.28,51565.32,5727.02,5535.28,143,616.05,554.47,0.10734501405207995,0.4847457627118644
México,Sinaloa,373,131,812,75502.83,67482.1,8020.8,6986.43,185,576.36,515.13,0.10353012132106143,0.4959785522788204
México,Sonora,327,119,733,65460.18,59316.44,6143.84,7325.79,191,550.09,498.46,0.12350353460187428,0.5840978593272171
México,Tabasco,180,56,412,37512.46,33593.99,3918.53,5469.19,70,669.87,599.89,0.1628026322565435,0.3888888888888889
México,Tamaulipas,498,162,1103,97175.23,87780.28,9395.09,11450.03,344,599.85,541.85,0.13043966139091834,0.6907630522088354
México,Veracruz,566,198,1188,109010.9,97966.95,11044.12,12267.67,279,550.56,494.78,0.12522253678408893,0.4929328621908127
México,Yucatán,349,127,814,69399.11,62537.62,6861.59,11234.5,200,546.45,492.42,0.17964386876251445,0.5730659025787965
México,Zacatecas,61,19,120,12236.52,10830.08,1406.46,1690.78,18,644.03,570.0,0.1561188837016901,0.29508196721311475
Namibia,Khomas,20,6,37,3789.6,3344.46,445.17,494.45,15,631.6,557.41,0.14784150505612265,0.75
Nepal,Central,80,30,155,17733.02,15637.7,2095.34,1140.54,48,591.1,521.26,0.07293527820587425,0.6
Nicaragua,Chinandega,277,90,594,53536.48,47848.71,5687.85,5723.84,149,594.85,531.65,0.1196237056338614,0.5379061371841155
Nicaragua,Estelí,161,56,341,31194.27,27958.12,3236.21,3974.52,91,557.04,499.25,0.14215977326086304,0.5652173913043478
Nicaragua,Granada,139,44,286,28747.72,26068.41,2679.33,2757.07,91,653.36,592.46,0.10576287544963425,0.6546762589928058
Nicaragua,León,283,90,623,55630.15,49878.09,5752.13,6267.34,163,618.11,554.2,0.12565316755312803,0.5759717314487632
Nicaragua,Managua,1834,612,4130,364632.95,327727.86,36905.47,37957.22,1023,595.81,535.5,0.11581932643748995,0.5577971646673937
Nicaragua,Masaya,162,53,362,33034.79,29800.09,3234.74,6282.34,104,623.3,562.27,0.21081614183044414,0.6419753086419753
Nicaragua,Matagalpa,190,65,431,38278.73,34840.85,3437.91,3071.27,95,588.9,536.01,0.08815140847597003,0.5
Nigeria,Abia,36,15,61,6521.32,5777.7,743.62,1020.1,18,434.75,385.18,0.176558145975042,0.5
Nigeria,Adamawa,12,5,26,2789.65,2557.27,232.39,-257.23,4,557.93,511.45,-0.10058773614049356,0.3333333333333333
Nigeria,Akwa Ibom,19,6,38,3344.69,3027.31,317.38,-1038.92,11,557.45,504.55,-0.3431825614159105,0.5789473684210527
Nigeria,Anambra,48,16,84,7699.12,6909.48,789.64,1406.71,26,481.2,431.84,0.2035912977532318,0.5416666666666666
Nigeria,Bauchi,12,5,27,1759.85,1588.11,171.74,260.27,6,351.97,317.62,0.16388663253804836,0.5
Nigeria,Benue,21,6,48,3812.58,3334.81,477.77,-261.94,13,635.43,555.8,-0.07854720358881014,0.6190476190476191
Nigeria,Borno,57,21,126,11670.55,10434.48,1236.09,1646.24,26,555.74,496.88,0.15776924197468395,0.45614035087719296
Nigeria,Cross River,64,20,140,13294.55,11915.77,1378.8,1162.32,29,664.73,595.79,0.097544682383094,0.453125
Nigeria,Delta,58,21,156,10641.43,9627.83,1013.61,1541.17,32,506.73,458.47,0.16007449238301882,0.5517241379310345
Nigeria,Ebonyi,6,2,8,1159.91,1030.71,129.2,325.15,0,579.96,515.36,0.31546215715380654,0.0
Nigeria,Edo,53,19,112,9668.93,8658.21,1010.76,488.24,30,508.89,455.7,0.05639040864104703,0.5660377358490566
Nigeria,Enugu,50,21,111,9281.78,8545.29,736.5,1589.08,27,441.99,406.92,0.1859597509271189,0.54
Nigeria,Gombe,8,3,18,904.81,793.77,111.04,39.11,4,301.6,264.59,0.049271199465840215,0.5
Nigeria,Imo,14,4,30,2819.6,2555.94,263.66,655.63,0,704.9,638.98,0.2565122811959592,0.0
Nigeria,Kaduna,136,42,335,26329.35,23565.74,2763.62,3389.18,89,626.89,561.09,0.14381810204135323,0.6544117647058824
Nigeria,Kano,271,95,588,55322.66,50082.51,5240.21,6682.77,158,582.34,527.18,0.13343520522433877,0.5830258302583026
Nigeria,Katsina,37,11,63,6929.2,6178.13,751.07,581.35,19,629.93,561.65,0.09409805232327581,0.5135135135135135
Nigeria,Kwara,47,16,101,9224.98,8243.3,981.7,864.31,25,576.56,515.21,0.10484999939344679,0.5319148936170213
Nigeria,Lagos,903,285,2068,183586.43,164412.26,19174.44,22285.0,480,644.16,576.89,0.135543419937175,0.53156146179402
Nigeria,Níger,35,11,79,6661.12,5952.54,708.59,1486.4,16,605.56,541.14,0.2497085277881375,0.45714285714285713
Nigeria,Ogun,33,11,76,5623.21,5080.99,542.22,107.03,10,511.2,461.91,0.021064792491227096,0.30303030303030304
Nigeria,Ondo,26,10,43,5854.51,5467.37,387.14,892.42,18,585.45,546.74,0.16322656048520587,0.6923076923076923
Nigeria,Osun,19,8,40,3704.58,3313.67,390.94,526.26,5,463.07,414.21,0.15881484879303007,0.2631578947368421
Nigeria,Oyo,164,51,346,31206.76,27932.7,3274.1,3701.86,99,611.9,547.7,0.13252782580989306,0.6036585365853658
Nigeria,Plateau,37,13,66,7639.29,6858.91,780.38,507.34,14,587.64,527.61,0.07396802115788077,0.3783783783783784
Nigeria,Ríos,106,37,237,19699.34,17675.59,2023.79,2895.46,49,532.41,477.72,0.1638112221430798,0.46226415094339623
Nigeria,Sokoto,17,5,44,3201.54,2954.56,246.99,289.4,14,640.31,590.91,0.09795028701397164,0.8235294117647058
Nigeria,Yobe,10,3,28,2659.77,2392.03,267.75,618.98,0,886.59,797.34,0.2587676575962676,0.0
Nigeria,Zamfara,10,3,24,2309.78,2165.29,144.49,32.85,3,769.93,721.76,0.015171177994633524,0.3
Noruega,Buskerud,28,9,62,5413.36,4888.1,525.29,750.47,13,601.48,543.12,0.15353000143204926,0.4642857142857143
Noruega,Hedmark,7,4,20,1864.04,1635.92,228.12,465.95,6,466.01,408.98,0.28482444129297274,0.8571428571428571
Noruega,Hordaland,37,14,81,9121.07,8313.05,808.02,1524.67,14,651.5,593.79,0.1834068121808482,0.3783783783783784
Noruega,Oslo,157,60,362,33964.32,30678.4,3285.99,3789.48,91,566.07,511.31,0.12352273912589964,0.5796178343949044
Noruega,Rogaland,93,29,169,20645.06,18548.67,2096.43,2758.47,43,711.9,639.61,0.14871524481270085,0.46236559139784944
Noruega,Vest-Agder,11,4,25,2154.84,1970.94,183.9,273.97,11,538.71,492.74,0.13900473885557146,1.0
Nueva Zelanda,Auckland,572,191,1282,112718.59,101337.18,11381.55,14294.41,326,590.15,530.56,0.14105790194674847,0.5699300699300699
Nueva Zelanda,Bay of Plenty,69,22,157,13488.13,12109.7,1378.45,114.16,28,613.1,550.44,0.009427153438978658,0.4057971014492754
Nueva Zelanda,Canterbury,167,55,409,33611.66,30107.79,3503.95,3257.67,86,611.12,547.41,0.10820023655007557,0.5149700598802395
Nueva Zelanda,Gisborne,24,8,59,4814.5,4432.76,381.74,160.07,3,601.81,554.1,0.03611068499084092,0.125
Nueva Zelanda,Hawke's Bay,64,24,141,10885.66,9841.57,1044.1,70.84,38,453.57,410.07,0.007198038524341139,0.59375
Nueva Zelanda,Manawatu-Wanganui,45,17,105,8068.95,7252.05,816.92,1014.17,39,474.64,426.59,0.1398459745864962,0.8666666666666667
Nueva Zelanda,Marlborough,28,8,65,5673.3,5151.51,521.8,204.21,11,709.16,643.94,0.0396408043466867,0.39285714285714285
Nueva Zelanda,Nelson,52,18,104,9953.81,8917.28,1036.57,191.33,14,552.99,495.4,0.021456094235013372,0.2692307692307692
Nueva Zelanda,Northland,53,21,105,11541.7,10250.46,1291.26,1036.52,19,549.6,488.12,0.10111936439925621,0.3584905660377358
Nueva Zelanda,Otago,59,20,147,11624.54,10491.94,1132.61,707.21,36,581.23,524.6,0.06740507475261961,0.6101694915254238
Nueva Zelanda,Southland,25,10,75,5498.25,4863.01,635.25,687.59,5,549.83,486.3,0.14139185401633966,0.2
Nueva Zelanda,Taranaki,57,18,120,10839.64,9664.41,1175.23,-540.52,30,602.2,536.91,-0.05592891857857851,0.5263157894736842
Nueva Zelanda,Waikato,68,24,132,12887.52,11533.47,1354.06,1012.88,41,536.98,480.56,0.08782092466534357,0.6029411764705882
Nueva Zelanda,Wellington,307,100,642,58432.53,51952.74,6479.87,6961.69,160,584.33,519.53,0.13400043963032557,0.5211726384364821
Níger,Diffa,10,2,21,2269.81,2086.02,183.79,353.77,5,1134.9,1043.01,0.16959089558105866,0.5
Níger,Maradi,18,7,47,4069.47,3730.8,338.67,939.65,11,581.35,532.97,0.25186287123405166,0.6111111111111112
Níger,Niamey,72,22,161,15074.22,13680.1,1394.12,1964.13,49,685.19,621.82,0.14357570485595864,0.6805555555555556
Níger,Zinder,8,2,11,2029.85,1769.46,260.39,217.13,4,1014.92,884.73,0.12270975325805612,0.5
Omán,Mascate,8,2,21,1374.7,1242.97,131.73,256.68,0,687.35,621.48,0.20650538629250909,0.0
Pakistán,Baluchistán,17,9,33,3265.8,2937.49,328.31,737.83,13,362.87,326.39,0.2511770252834903,0.7647058823529411
Pakistán,Jaiber Pajtunjuá,41,19,93,10713.41,9571.86,1141.6,1687.73,26,563.86,503.78,0.17632205234928217,0.6341463414634146
Pakistán,Punyab,552,257,1069,106982.27,96186.34,10796.14,12318.49,321,416.27,374.27,0.12806901686871547,0.5815217391304348
Pakistán,Sind,108,54,204,22236.2,19996.29,2239.96,3072.97,53,411.78,370.3,0.15367700708481422,0.49074074074074076
Pakistán,Territorio de la Capital Federal,40,23,94,7825.0,7157.19,667.81,235.66,25,340.22,311.18,0.03292633002616949,0.625
Panamá,Chiriquí,224,74,495,45108.09,41180.49,3927.62,4245.91,117,609.57,556.49,0.10310489263240918,0.5223214285714286
Panamá,Colón,86,30,174,18036.99,16043.62,1993.38,2321.41,58,601.23,534.79,0.14469365392598427,0.6744186046511628
Panamá,Panamá,1631,552,3710,322677.63,287608.49,35069.54,30889.29,809,584.56,521.03,0.10740048042392629,0.4960147148988351
Papúa Nueva Guinea,Capital Nacional,61,28,121,11993.74,10680.26,1313.48,2264.21,33,428.35,381.44,0.21199952061092145,0.5409836065573771
Paraguay,Asunción,14,4,28,2264.67,2107.68,156.99,178.35,7,566.17,526.92,0.08461910726485994,0.5
Paraguay,Central,64,20,132,13330.42,11681.75,1648.68,500.97,23,666.52,584.09,0.042884841740321436,0.359375
Países Bajos,Brabante Septentrional,319,124,686,65029.51,58862.43,6167.18,5295.43,167,524.43,474.7,0.08996281668969494,0.5235109717868338
Países Bajos,Drenthe,67,23,155,13257.46,11705.99,1551.48,-140.75,32,576.41,508.96,-0.012023758776489639,0.47761194029850745
Países Bajos,Frisia,34,10,78,6519.24,5869.61,649.63,1021.37,14,651.92,586.96,0.17400985755442014,0.4117647058823529
Países Bajos,Groningen,84,33,165,15283.37,13750.15,1533.25,956.06,63,463.13,416.67,0.06953087784496896,0.75
Países Bajos,Güeldres,119,54,241,29031.98,25884.99,3147.04,5931.9,72,537.63,479.35,0.22916369679880114,0.6050420168067226
Países Bajos,Holanda Meridional,472,160,945,98961.14,89191.25,9769.99,9075.81,239,618.51,557.45,0.10175673062099701,0.5063559322033898
Países Bajos,Holanda Septentrional,414,164,821,100348.53,90137.51,10211.13,13074.89,237,611.88,549.62,0.14505492774317819,0.572463768115942
Países Bajos,Limburgo,124,50,249,26137.44,23400.91,2736.56,1868.49,66,522.75,468.02,0.07984689484297833,0.532258064516129
Países Bajos,Overijssel,86,35,178,17040.51,15176.04,1864.49,143.88,49,486.87,433.6,0.009480734104549008,0.5697674418604651
Países Bajos,Utrecht,210,81,447,51037.96,45337.52,5700.49,4959.57,111,630.1,559.72,0.10939217672250268,0.5285714285714286
Países Bajos,Zelanda,3,2,5,549.91,470.42,79.49,220.15,3,274.96,235.21,0.4679860550146677,1.0
Perú,Ancash,17,5,30,3263.65,2927.08,336.57,1027.07,0,652.73,585.42,0.35088552414009866,0.0
Perú,Arequipa,24,8,59,4135.32,3587.94,547.4,299.7,8,516.92,448.49,0.08352982491346009,0.3333333333333333
Perú,Ayacucho,22,6,56,4365.39,3825.45,539.95,-50.6,10,727.56,637.58,-0.013227202028519507,0.45454545454545453
Perú,Cajamarca,14,4,26,2249.75,2001.28,248.47,556.71,3,562.44,500.32,0.2781769667412856,0.21428571428571427
Perú,Callao,15,5,29,3125.7,2943.75,181.96,-380.63,7,625.14,588.75,-0.12930106157112525,0.4666666666666667
Perú,Ica,27,11,68,5549.11,5060.62,488.5,338.18,12,504.46,460.06,0.06682580395287534,0.4444444444444444
Perú,Junín,32,12,59,5281.33,4729.81,551.52,628.55,22,440.11,394.15,0.13289117321837451,0.6875
Perú,La Libertad,7,4,15,1211.88,1092.5,119.38,255.65,5,302.97,273.12,0.2340045766590389,0.7142857142857143
Perú,Lambayeque,5,2,12,599.94,534.3,65.64,14.76,5,299.97,267.15,0.027624929814710847,1.0
Perú,Lima,5,2,8,1199.9,1010.31,189.6,244.52,3,599.95,505.16,0.24202472508438003,0.6
Perú,Lima (ciudad),484,176,1034,99120.03,88118.22,11001.94,10135.04,282,563.18,500.67,0.1150163950202353,0.5826446280991735
Perú,Loreto,27,8,59,5589.35,5146.63,442.72,1349.81,17,698.67,643.33,0.26227065089194285,0.6296296296296297
Perú,Moquegua,16,6,41,3539.52,3140.24,399.28,790.26,15,589.92,523.37,0.2516559243879449,0.9375
Perú,Piura,16,5,43,2537.63,2283.5,254.13,472.58,11,507.53,456.7,0.20695423691701334,0.6875
Perú,Puno,30,9,76,5644.25,5037.5,606.76,890.74,24,627.14,559.72,0.17682183622828784,0.8
Perú,Ucayali,23,9,55,4364.5,4010.53,353.97,1172.19,15,484.94,445.61,0.2922780779597709,0.6521739130434783
Polonia,Gran Polonia,49,16,97,8924.98,7839.97,1085.04,1151.22,37,557.81,490.0,0.14683984760145766,0.7551020408163265
Polonia,Lodz,72,24,169,13589.0,12116.49,1472.53,1111.78,36,566.21,504.85,0.0917575964656431,0.5
Polonia,Lublin,59,20,120,11389.7,10308.86,1080.87,1916.13,34,569.48,515.44,0.18587215269195623,0.576271186440678
Polonia,Lubusz,6,2,9,1249.9,1208.0,41.9,393.15,3,624.95,604.0,0.325455298013245,0.5
Polonia,Mazovia,137,45,300,27170.5,24521.2,2649.31,3753.32,59,603.79,544.92,0.15306428722901,0.4306569343065693
Polonia,Opole,15,5,32,2889.62,2567.05,322.57,598.08,9,577.92,513.41,0.23298338559825477,0.6
Polonia,Podlaquia,28,9,58,5297.36,4529.77,767.61,575.25,19,588.6,503.31,0.12699320274539325,0.6785714285714286
Polonia,Polonia Menor,15,5,30,2406.67,2168.72,237.95,575.0,5,481.33,433.74,0.2651333505477885,0.3333333333333333
Polonia,Pomerania,76,25,159,14103.5,12775.76,1327.77,1885.69,40,564.14,511.03,0.14759904694515238,0.5263157894736842
Polonia,Silesia,184,64,410,36880.58,33529.27,3351.32,2897.56,115,576.26,523.89,0.08641882152519277,0.625
Portugal,Aveiro,7,2,17,1219.8,1078.32,141.48,277.9,7,609.9,539.16,0.2577157059129016,1.0
Portugal,Braga,7,4,15,1099.83,965.95,133.88,202.87,0,274.96,241.49,0.21002122263057094,0.0
Portugal,Coimbra,20,6,48,5024.52,4493.58,530.94,555.96,11,837.42,748.93,0.1237231784011857,0.55
Portugal,Lisboa,210,73,447,48974.03,43630.55,5343.53,6642.87,85,670.88,597.68,0.15225272200327522,0.40476190476190477
Portugal,Porto,97,33,192,19090.95,16936.19,2154.78,2560.75,65,578.51,513.22,0.15119988616093705,0.6701030927835051
Portugal,Setúbal,2,2,2,582.03,521.23,60.8,169.54,1,291.02,260.62,0.3252690750724248,0.5
Qatar,Doha,42,13,88,7724.09,6825.65,898.44,1919.38,22,594.16,525.05,0.28120105777471743,0.5238095238095238
Reino Unido,Escocia,434,161,959,96128.0,86495.83,9632.28,11270.84,194,597.07,537.24,0.13030501007967668,0.4470046082949309
Reino Unido,Gales,146,58,326,30384.57,27187.41,3197.2,2978.63,97,523.87,468.75,0.10955916727632387,0.6643835616438356
Reino Unido,Inglaterra,6722,2566,13929,1485582.25,1336363.98,149219.96,166693.41,3612,578.95,520.8,0.12473653323101391,0.5373400773579292
República Centroafricana,Bangui,23,7,48,4829.37,4496.67,332.7,656.41,15,689.91,642.38,0.14597691180362357,0.6521739130434783
República Checa,Hradec Králové,8,3,14,1359.9,1186.7,173.2,-238.88,1,453.3,395.57,-0.20129771635628213,0.125
República Checa,Liberec,9,3,25,2449.61,2219.54,230.07,111.03,5,816.54,739.85,0.050023878821737824,0.5555555555555556
República Checa,Moravia-Silesia,5,2,11,904.85,819.2,85.65,244.82,5,452.42,409.6,0.2988525390625,1.0
República Checa,Olomouc,5,1,12,1199.87,1120.48,79.39,270.27,5,1199.87,1120.48,0.24120912466085961,1.0
República Checa,Pilsen,22,9,58,3814.46,3578.38,236.09,818.9,15,423.83,397.6,0.2288465730302539,0.6818181818181818
República Checa,Praga,124,44,301,25697.63,22657.06,3040.6,2029.63,55,584.04,514.93,0.08958046630939759,0.4435483870967742
República Checa,Ústí nad Labem,14,4,28,2709.55,2480.82,228.74,148.76,14,677.39,620.21,0.059964044146693415,1.0
República Democrática del Congo,Bajo Congo,11,4,22,1989.8,1730.35,259.45,228.39,11,497.45,432.59,0.1319906377322507,1.0
República Democrática del Congo,Bandundu,52,14,117,11862.54,10548.79,1313.78,2080.45,23,847.32,753.48,0.1972216718694751,0.4423076923076923
República Democrática del Congo,Kasai Occidental,57,18,118,10555.66,9591.35,964.31,1676.43,40,586.43,532.85,0.174785614121057,0.7017543859649122
República Democrática del Congo,Kasai Oriental,75,24,157,14255.11,12697.17,1557.97,2442.61,37,593.96,529.05,0.19237436373617114,0.49333333333333335
República Democrática del Congo,Katanga,179,62,411,34779.19,31513.96,3265.31,1796.36,98,560.95,508.29,0.05700203973096368,0.547486033519553
República Democrática del Congo,Kinshasa,483,157,1069,96241.36,85343.63,10897.83,11848.89,293,613.0,543.59,0.13883742699953117,0.6066252587991718
República Democrática del Congo,Kivu del Sur,28,9,45,4679.61,4172.6,507.01,810.58,26,519.96,463.62,0.19426257010017733,0.9285714285714286
República Democrática del Congo,Maniema,15,5,41,2727.47,2525.66,201.82,-22.59,13,545.49,505.13,-0.008944196764410075,0.8666666666666667
República Democrática del Congo,Provincia Oriental,63,21,149,12910.54,11571.72,1338.84,2082.42,44,614.79,551.03,0.17995768995447523,0.6984126984126984
República Democrática del Congo,Équateur,47,15,104,8711.98,7892.63,819.36,799.6,19,580.8,526.18,0.10130970284936706,0.40425531914893614
República Dominicana,Barahona,65,20,137,13683.66,12290.21,1393.45,1235.79,21,684.18,614.51,0.10055076357523589,0.3230769230769231
República Dominicana,Duarte,161,54,362,32885.92,29227.62,3658.33,3522.42,119,609.0,541.25,0.12051682620753931,0.7391304347826086
República Dominicana,Espaillat,35,12,67,8539.11,7502.49,1036.65,1078.45,19,711.59,625.21,0.14374560979088277,0.5428571428571428
República Dominicana,La Romana,311,106,645,63062.91,56522.56,6540.41,5192.72,153,594.93,533.23,0.09186986576687256,0.4919614147909968
República Dominicana,La Vega,65,24,133,13128.48,11685.64,1442.86,2763.63,40,547.02,486.9,0.23649795817772926,0.6153846153846154
República Dominicana,Monseñor Nouel,9,3,19,2109.78,1907.98,201.8,257.66,7,703.26,635.99,0.13504334426985606,0.7777777777777778
República Dominicana,Peravia,52,15,121,9478.96,8431.64,1047.33,1566.5,20,631.93,562.11,0.18578829266904187,0.38461538461538464
República Dominicana,San Cristóbal,37,11,66,7523.39,6779.57,743.83,-211.68,14,683.94,616.32,-0.031223219171717373,0.3783783783783784
República Dominicana,San Juan,97,32,222,18742.88,17193.38,1549.52,2491.19,70,585.72,537.29,0.1448923946309568,0.7216494845360825
República Dominicana,San Pedro de Macorís,226,74,522,45541.86,41109.65,4432.27,5842.69,117,615.43,555.54,0.14212453766937932,0.5176991150442478
República Dominicana,Santiago de Chile,400,147,884,79564.22,71645.48,7918.85,9549.98,223,541.25,487.38,0.13329494058801755,0.5575
República Dominicana,Santo Domingo,2211,744,4899,432351.87,388453.54,43898.82,51111.67,1217,581.12,522.11,0.1315773052293461,0.550429669832655
República de Gambia,Occidental,5,1,13,1449.86,1244.37,205.49,-265.83,5,1449.86,1244.37,-0.21362617227994884,1.0
República del Congo,Niari,13,5,22,1974.72,1775.4,199.32,224.3,12,394.94,355.08,0.1263377267094739,0.9230769230769231
Ruanda,Kigali,78,28,164,16643.18,15176.06,1467.13,-323.67,33,594.4,542.0,-0.021327670027661987,0.4230769230769231
Ruanda,Meridional,8,2,21,2269.84,1925.5,344.35,-6.35,8,1134.92,962.75,-0.003297844715658286,1.0
Rumania,Arad,2,1,3,229.99,212.69,17.3,24.81,2,229.99,212.69,0.11664864356575297,1.0
Rumania,Arges,6,2,11,845.84,724.06,121.78,171.53,5,422.92,362.03,0.23690025688478852,0.8333333333333334
Rumania,Bacau,21,9,34,4435.6,4023.81,411.79,634.53,12,492.84,447.09,0.15769382749185473,0.5714285714285714
Rumania,Bihor,20,6,46,3705.5,3373.86,331.64,906.84,11,617.58,562.31,0.2687841226369796,0.55
Rumania,Bistrita-Nasaud,1,1,1,399.98,339.98,60.0,114.91,0,399.98,339.98,0.33799047002764865,0.0
Rumania,Botosani,19,6,36,3874.58,3437.88,436.7,879.75,6,645.76,572.98,0.2558989842577402,0.3157894736842105
Rumania,Bra?ov,39,10,93,8061.94,7271.48,790.5,902.84,27,806.19,727.15,0.12416179374762772,0.6923076923076923
Rumania,Braila,11,4,21,1529.77,1397.27,132.5,371.23,7,382.44,349.32,0.2656823663286266,0.6363636363636364
Rumania,Buzau,17,6,39,3554.59,3162.14,392.45,749.69,10,592.43,527.02,0.2370831145996066,0.5882352941176471
Rumania,Caras-Severin,3,1,3,184.97,181.82,3.15,13.07,3,184.97,181.82,0.0718842811571884,1.0
Rumania,Cluj,20,7,46,3793.54,3325.83,467.73,645.39,9,541.93,475.12,0.19405381513787537,0.45
Rumania,Constanza,15,5,44,3489.53,3189.78,299.75,3.67,8,697.91,637.96,0.0011505495676817708,0.5333333333333333
Rumania,Dolj,6,2,15,721.85,675.01,46.84,255.65,0,360.92,337.5,0.3787351298499282,0.0
Rumania,Galati,48,13,116,9784.56,8883.59,900.99,1355.49,31,752.66,683.35,0.1525835838889458,0.6458333333333334
Rumania,Giurgiu,7,4,13,1329.9,1219.2,110.7,206.58,4,332.48,304.8,0.16943897637795274,0.5714285714285714
Rumania,Gorj,9,2,18,1629.8,1409.32,220.48,455.82,9,814.9,704.66,0.32343257741322057,1.0
Rumania,Hunedoara,3,1,7,479.98,459.88,20.1,-180.72,0,479.98,459.88,-0.39297207967295816,0.0
Rumania,Iasi,32,10,69,5829.47,5368.48,461.0,1181.49,15,582.95,536.85,0.22007905403391648,0.46875
Rumania,Maramures,16,5,43,3709.52,3232.54,476.99,-1061.59,6,741.9,646.51,-0.3284073824299158,0.375
Rumania,Mehedinti,9,3,22,1879.63,1738.56,141.07,353.23,5,626.54,579.52,0.2031738910362599,0.5555555555555556
Rumania,Mures,20,6,41,3467.61,3245.01,222.6,356.26,13,577.94,540.84,0.10978702685045653,0.65
Rumania,Neamt,22,5,54,4961.41,4460.95,500.46,1430.58,10,992.28,892.19,0.32068953922370796,0.45454545454545453
Rumania,Prahova,23,8,50,5229.6,4704.33,525.27,-19.39,15,653.7,588.04,-0.00412173465722005,0.6521739130434783
Rumania,Satu Mare,7,3,14,1314.81,1198.01,116.8,366.86,6,438.27,399.34,0.3062244889441657,0.8571428571428571
Rumania,Sibiu,10,3,20,1779.7,1572.33,207.38,437.29,0,593.23,524.11,0.2781159171420758,0.0
Rumania,Suceava,1,1,2,99.96,81.97,17.99,-11.31,1,99.96,81.97,-0.13797730877150177,1.0
Rumania,Timis,49,16,103,9862.99,8881.78,981.21,1711.69,38,616.44,555.11,0.1927192522219645,0.7755102040816326
Rumania,Vrancea,1,1,1,299.98,278.98,21.0,97.64,1,299.98,278.98,0.34998924654097063,1.0
Rumania,Vâlcea,18,7,46,3994.36,3724.9,269.47,292.69,9,570.62,532.13,0.07857660608338479,0.5
Rusia,Amur,23,8,51,4637.46,4100.45,537.02,746.06,10,579.68,512.56,0.18194588398834274,0.43478260869565216
Rusia,Arjánguelsk,51,17,124,10546.65,9832.81,713.85,-467.6,27,620.39,578.4,-0.04755507327000114,0.5294117647058824
Rusia,Astracán,31,9,89,5908.86,5315.14,593.73,1390.04,16,656.54,590.57,0.2615246258800332,0.5161290322580645
Rusia,Bashkortostán,155,52,357,29456.17,26906.68,2549.51,1675.72,79,566.46,517.44,0.062278958236393345,0.5096774193548387
Rusia,Briansk,25,6,59,4409.5,4067.98,341.52,620.65,4,734.92,678.0,0.1525695799881022,0.16
Rusia,Bélgorod,42,14,108,7426.05,6635.61,790.44,978.85,16,530.43,473.97,0.14751469721698535,0.38095238095238093
Rusia,Cheliábinsk,185,57,388,36640.83,32892.69,3748.2,3684.54,106,642.82,577.06,0.11201698614494587,0.572972972972973
Rusia,Daguestán,123,39,276,26357.17,23275.78,3081.43,2931.23,75,675.82,596.81,0.1259347699625963,0.6097560975609756
Rusia,Irkutsk,79,26,165,16276.19,14916.64,1359.56,2975.76,61,626.01,573.72,0.19949264713769319,0.7721518987341772
Rusia,Ivanovo,40,13,81,6355.11,5558.45,796.68,966.16,19,488.85,427.57,0.1738182406965971,0.475
Rusia,Kabardia-Balkaria,5,2,15,1259.85,1205.65,54.2,274.54,4,629.92,602.83,0.2277111931323352,0.8
Rusia,Kaliningrado,35,11,79,7629.07,6822.68,806.39,705.44,19,693.55,620.24,0.10339631933492409,0.5428571428571428
Rusia,Kaluga,39,12,97,7872.94,7208.46,664.5,500.47,12,656.08,600.71,0.06942814415284264,0.3076923076923077
Rusia,Moscú,15,4,47,3139.68,2848.81,290.87,57.15,9,784.92,712.2,0.020061007929626767,0.6
Rusia,Nóvgorod,5,1,13,599.87,532.38,67.49,152.67,5,599.87,532.38,0.28676884931815616,1.0
Rusia,Stávropol,10,4,27,2535.86,2326.1,209.76,-510.53,3,633.96,581.52,-0.219478956192769,0.3
Rusia,Tambov,27,8,65,4920.29,4478.16,442.13,-64.42,10,615.04,559.77,-0.014385372563731534,0.37037037037037035
Rusia,Vladímir,19,6,44,4199.54,4014.58,184.96,718.56,15,699.92,669.1,0.17898759023359856,0.7894736842105263
Rusia,Vorónezh,34,11,87,7071.98,6355.81,716.18,958.95,28,642.91,577.8,0.15087770087526217,0.8235294117647058
Rusia,Yaroslavl,68,21,148,12308.62,10994.88,1313.75,-981.69,40,586.12,523.57,-0.08928610407753426,0.5882352941176471
Rusia,Yevrey,3,1,11,609.84,515.11,94.73,160.45,3,609.84,515.11,0.3114868668828017,1.0
Senegal,Dakar,215,73,466,42349.07,38324.53,4024.58,3653.49,91,580.12,524.99,0.09533032759958178,0.4232558139534884
Senegal,Saint-Louis,7,2,21,1169.85,1069.26,100.6,150.8,4,584.92,534.63,0.1410321156687803,0.5714285714285714
Senegal,Thiès,38,11,78,6923.22,6172.7,750.54,1105.91,19,629.38,561.15,0.17916146904920052,0.5
Senegal,Ziguinchor,3,2,6,274.93,235.89,39.05,94.76,2,137.46,117.94,0.40171266268175837,0.6666666666666666
Serbia,Serbia Central,1,1,4,120.0,120.0,0.0,42.0,0,120.0,120.0,0.35,0.0
Sierra Leona,Meridional,32,8,70,5939.16,5446.52,492.65,321.3,19,742.4,680.82,0.058991796596725966,0.59375
Sierra Leona,Oriental,1,1,1,59.99,55.79,4.2,16.74,0,59.99,55.79,0.30005377307761244,0.0
Sierra Leona,Septentrional,6,2,9,1429.89,1293.39,136.5,80.38,0,714.94,646.7,0.06214676161096034,0.0
Singapur,Singapur,455,226,894,93789.42,84024.3,9765.31,11399.47,243,415.0,371.79,0.13566872916525338,0.5340659340659341
Siria,Ar Raqa,2,1,2,599.97,541.97,58.0,161.59,0,599.97,541.97,0.29815303430079154,0.0
Siria,Dayr az Zawr,29,9,62,5419.4,4994.67,424.73,1677.34,12,602.16,554.96,0.33582599050587925,0.41379310344827586
Siria,Hims,32,13,67,6389.37,5759.91,629.46,930.75,22,491.49,443.07,0.16159106652708116,0.6875
Somalia,Benadir,81,27,183,16416.17,14513.48,1902.71,1979.43,42,608.01,537.54,0.13638562219398792,0.5185185185185185
Somalia,Gobolka Woqooyi Galbeed,41,13,85,8481.09,7656.49,824.62,994.48,30,652.39,588.96,0.12988719374021254,0.7317073170731707
Somalia,Jubbada Hoose,19,7,44,3604.64,3259.56,345.08,765.38,18,514.95,465.65,0.23481083336401232,0.9473684210526315
Sri Lanka,Occidental,16,11,29,2634.72,2297.41,337.32,458.94,11,239.52,208.86,0.19976408216208688,0.6875
Suazilandia,Manzini,5,2,11,1259.91,1160.32,99.59,312.46,5,629.96,580.16,0.26928778268063974,1.0
SudAfrica,Cabo Occidental,217,75,460,40685.97,36289.09,4396.95,5300.14,120,542.48,483.85,0.14605326284015388,0.5529953917050692
SudAfrica,Cabo Oriental,150,48,318,31287.61,27814.12,3473.55,3466.38,55,651.83,579.46,0.12462662848941473,0.36666666666666664
SudAfrica,Estado Libre,11,3,23,2579.81,2323.38,256.44,290.95,11,859.94,774.46,0.12522703991598447,1.0
SudAfrica,Gauteng,587,206,1286,114923.74,102908.57,12015.27,15554.52,321,557.88,499.56,0.1511489276354729,0.5468483816013628
SudAfrica,KwaZulu-Natal,77,28,182,16503.2,14912.89,1590.35,3089.1,41,589.4,532.6,0.20714294814754217,0.5324675324675324
SudAfrica,Limpopo,13,4,18,2487.79,2297.69,190.1,386.81,8,621.95,574.42,0.1683473401546771,0.6153846153846154
SudAfrica,Mpumalanga,9,3,18,1709.83,1580.24,129.59,42.6,3,569.94,526.75,0.026957930440945684,0.3333333333333333
SudAfrica,Noroeste,35,13,91,7014.87,6261.2,753.68,803.84,19,539.61,481.63,0.12838433527119403,0.5428571428571428
Sudán,Gezira,40,14,102,6716.95,6048.2,668.76,928.26,19,479.78,432.01,0.15347706755728976,0.475
Sudán,Jartum,134,44,293,28276.81,25094.47,3182.35,2494.94,68,642.65,570.33,0.09942190450724801,0.5074626865671642
Sudán,Kasala,14,4,35,2414.79,2183.7,231.09,370.98,11,603.7,545.92,0.16988597334798738,0.7857142857142857
Sudán,Mar Rojo,43,16,110,8871.81,7908.61,963.2,-126.26,21,554.49,494.29,-0.01596487878400882,0.4883720930232558
Sudán,Nilo Blanco,20,6,40,3909.7,3620.41,289.29,541.73,7,651.62,603.4,0.1496322239746327,0.35
Sudán del Sur,Ecuatoria Central,5,2,8,879.94,733.85,146.1,222.78,5,439.97,366.92,0.3035770252776453,1.0
Suecia,Escania,39,16,72,7353.48,6722.81,630.68,1475.44,11,459.59,420.18,0.21946775232380508,0.28205128205128205
Suecia,Estocolmo,718,268,1489,161487.25,145617.01,15870.34,16319.82,432,602.56,543.35,0.112073582612361,0.6016713091922006
Suecia,Halland,14,5,26,2641.63,2351.15,290.49,350.39,13,528.33,470.23,0.14902919847734086,0.9285714285714286
Suecia,Södermanland,5,2,12,1119.95,1029.75,90.2,72.16,5,559.98,514.88,0.07007526098567614,1.0
Suecia,Upsala,33,14,55,6602.61,5900.8,701.83,852.11,17,471.62,421.49,0.14440584327548805,0.5151515151515151
Suecia,Värmland,13,8,20,2193.69,2080.62,113.07,86.38,6,274.21,260.08,0.04151647105189802,0.46153846153846156
Suecia,Västra Götaland,107,41,221,23200.89,20900.68,2300.23,2885.18,60,565.88,509.77,0.13804239862052334,0.5607476635514018
Suiza,Basilea-Ciudad,54,21,92,11286.32,9923.74,1362.59,1238.17,14,537.44,472.56,0.1247684844625111,0.25925925925925924
Suiza,Berna,43,16,76,8562.52,7665.79,896.73,1003.84,17,535.16,479.11,0.13095062609333152,0.3953488372093023
Suiza,Ginebra,28,10,61,5839.5,5143.92,695.59,379.3,22,583.95,514.39,0.07373753868644924,0.7857142857142857
Suiza,Lucerna,23,11,63,5579.23,5176.94,402.29,861.82,11,507.2,470.63,0.16647285848396928,0.4782608695652174
Suiza,San Galo,8,3,13,977.89,821.44,156.45,257.95,1,325.96,273.81,0.31402171795870665,0.125
Suiza,Vaud,34,14,89,7209.38,6469.07,740.31,743.89,25,514.96,462.08,0.11499179943948667,0.7352941176470589
Suiza,Zúrich,140,57,288,27906.4,25048.91,2857.5,3210.51,86,489.59,439.45,0.1281696488988942,0.6142857142857143
Surinam,Paramaribo,8,2,14,1339.84,1207.89,131.95,156.8,0,669.92,603.94,0.12981314523673515,0.0
Sáhara Occidental,El Aaiún,2,1,3,599.96,585.96,14.0,-17.52,2,599.96,585.96,-0.02989965185336883,1.0
Tailandia,Bangkok,889,393,1713,185935.21,168231.95,17703.49,22552.07,504,473.12,428.07,0.1340534303977336,0.5669291338582677
Tailandia,Nakhon Ratchasima,20,10,41,3578.43,3289.99,288.44,183.06,13,357.84,329.0,0.055641506509138315,0.65
Taiwán,Taipéi,29,13,52,6396.33,5821.11,575.22,-1374.54,10,492.03,447.78,-0.2361302225864139,0.3448275862068966
Tanzania,Arusha,19,8,34,4215.54,3896.76,318.78,728.64,12,526.94,487.1,0.18698611153881686,0.631578947368421
Tanzania,Dar es Salaam,183,60,406,34882.23,31405.48,3476.82,5092.14,94,581.37,523.42,0.16214176634141558,0.5136612021857924
Tanzania,Iringa,1,1,5,299.95,284.95,15.0,96.88,0,299.95,284.95,0.33998947183716444,0.0
Tanzania,Kigoma,23,7,53,4473.45,4036.94,436.51,803.44,8,639.06,576.71,0.19902203153873976,0.34782608695652173
Tanzania,Kilimanjaro,13,4,30,3144.75,2872.76,272.0,-181.17,7,786.19,718.19,-0.06306478786950527,0.5384615384615384
Tanzania,Mara,10,3,21,2411.8,2260.17,151.63,116.43,7,803.93,753.39,0.05151382418136688,0.7
Tanzania,Mbeya,23,9,59,5277.16,4670.73,606.43,997.02,15,586.35,518.97,0.21346127907200804,0.6521739130434783
Tanzania,Morogoro,10,3,27,1574.72,1480.58,94.14,90.93,5,524.91,493.53,0.061415121101190094,0.5
Tanzania,Mtwara,3,2,6,489.93,471.93,18.0,79.48,3,244.96,235.96,0.1684148072807408,1.0
Tanzania,Mwanza,45,14,109,8323.84,7479.48,844.37,1371.1,29,594.56,534.25,0.18331488285281863,0.6444444444444445
Tanzania,Pwani,12,3,25,2439.73,2111.34,328.39,74.33,12,813.24,703.78,0.03520513039112602,1.0
Tanzania,Ruvuma,3,1,3,759.95,729.75,30.2,-15.58,3,759.95,729.75,-0.02134977732100034,1.0
Tanzania,Shinyanga,24,9,56,5459.36,4965.79,493.57,1044.19,8,606.6,551.75,0.21027671327220845,0.3333333333333333
Tanzania,Tabora,6,2,13,1317.84,1244.75,73.09,-193.66,4,658.92,622.38,-0.1555814420566379,0.6666666666666666
Tanzania,Tanga,3,1,7,399.95,348.15,51.8,129.1,3,399.95,348.15,0.3708171765043803,1.0
Tayikistán,Khatlon,7,3,17,845.91,773.74,72.17,241.48,3,281.97,257.91,0.3120945020291054,0.42857142857142855
Togo,Central,12,4,25,1924.74,1743.81,180.93,431.87,3,481.18,435.95,0.24765886191729605,0.25
Togo,Kara,3,1,5,359.94,322.34,37.6,68.94,3,359.94,322.34,0.2138735496680524,1.0
Togo,Marítima,99,33,212,19328.95,17132.19,2196.79,1046.23,35,585.73,519.16,0.0610680829479477,0.35353535353535354
Togo,Plateaux,8,2,16,2079.86,1915.87,164.0,48.27,4,1039.93,957.94,0.025194820107836132,0.5
Trinidad y Tobago,Chaguanas,61,19,153,13069.28,11977.32,1091.99,2096.41,34,687.86,630.39,0.1750316431388658,0.5573770491803278
Trinidad y Tobago,San Fernando,77,26,164,15261.27,13713.04,1548.23,2460.14,47,586.97,527.42,0.17940150396994392,0.6103896103896104
Turkmenistán,Asjabad,25,8,64,6357.13,5617.06,740.09,631.42,19,794.64,702.13,0.11241111898395244,0.76
Turkmenistán,Lebap,17,6,40,3541.6,3121.63,419.97,-560.42,11,590.27,520.27,-0.1795280029984335,0.6470588235294118
Turkmenistán,Mary,11,4,27,2209.61,1891.15,318.46,554.81,7,552.4,472.79,0.29337175792507203,0.6363636363636364
Turquía,Adana,159,53,361,30986.86,28074.91,2911.99,3289.09,91,584.66,529.72,0.11715407101928377,0.5723270440251572
Turquía,Adiyaman,13,5,31,2499.64,2222.46,277.18,480.58,11,499.93,444.49,0.2162378625487073,0.8461538461538461
Turquía,Afyonkarahisar,9,3,17,2329.85,2062.97,266.88,507.43,9,776.62,687.66,0.2459706151810254,1.0
Turquía,Aksaray,6,3,15,1009.89,862.89,147.0,-378.47,1,336.63,287.63,-0.43860747024533836,0.16666666666666666
Turquía,Amasya,20,6,53,3803.52,3430.07,373.45,200.83,14,633.92,571.68,0.05854982551376501,0.7
Turquía,Ankara,405,139,881,79893.71,72440.55,7453.2,8450.66,220,574.77,521.16,0.11665648590464871,0.5432098765432098
Turquía,Antalya,100,36,217,18603.93,16693.21,1910.72,2432.79,47,516.78,463.7,0.14573530195810153,0.47
Turquía,Ardahan,5,1,7,823.93,728.15,95.78,207.79,0,823.93,728.15,0.2853670260248575,0.0
Turquía,Aydin,21,8,54,3749.5,3277.41,472.1,228.81,13,468.69,409.68,0.06981427407617602,0.6190476190476191
Turquía,Balikesir,49,13,122,10220.79,9076.83,1143.97,972.37,37,786.21,698.22,0.10712660697622407,0.7551020408163265
Turquía,Batman,29,12,58,6694.39,6061.0,633.39,1750.32,21,557.87,505.08,0.2887840290381125,0.7241379310344828
Turquía,Bingöl,10,2,23,2029.79,1829.2,200.59,413.84,10,1014.9,914.6,0.22624097966324078,1.0
Turquía,Bolu,16,5,34,3514.66,3231.68,282.98,228.31,12,702.93,646.34,0.070647465095554,0.75
Turquía,Bursa,134,49,269,25343.13,22690.02,2653.11,3500.08,94,517.21,463.06,0.15425636469249476,0.7014925373134329
Turquía,Corum,23,9,48,4506.57,4264.8,241.77,1082.45,9,500.73,473.87,0.25381026073907337,0.391304347826087
Turquía,Denizli,31,14,66,6739.34,5918.17,821.17,673.93,12,481.38,422.73,0.11387472816765992,0.3870967741935484
Turquía,Diyarbakir,46,14,82,10376.92,9289.11,1087.84,479.56,17,741.21,663.51,0.05162604382981793,0.3695652173913043
Turquía,Düzce,5,1,7,1309.9,1194.9,115.0,-184.95,5,1309.9,1194.9,-0.15478282701481297,1.0
Turquía,Elazig,19,7,48,3179.45,2814.19,365.26,779.27,6,454.21,402.03,0.2769073872055547,0.3157894736842105
Turquía,Erzurum,28,9,56,5449.49,4848.21,601.28,776.61,21,605.5,538.69,0.16018489298112087,0.75
Turquía,Eskisehir,41,13,84,7674.06,6791.77,882.3,-42.87,16,590.31,522.44,-0.006312051203147335,0.3902439024390244
Turquía,Estambul,998,345,2171,196116.62,175671.18,20445.71,23454.17,554,568.45,509.19,0.13351176897656178,0.5551102204408818
Turquía,Gaziantep,122,35,274,23439.85,20767.17,2672.71,1952.25,68,669.71,593.35,0.09400654976099294,0.5573770491803278
Turquía,Hatay,20,9,54,3679.47,3315.8,363.67,674.27,17,408.83,368.42,0.2033506242837324,0.85
Turquía,Igdir,9,3,27,2229.75,2052.96,176.79,-890.29,0,743.25,684.32,-0.433661639778661,0.0
Turquía,Isparta,5,1,12,879.93,777.43,102.5,49.01,5,879.93,777.43,0.06304104549605752,1.0
Turquía,Izmir,307,101,712,62239.76,56339.89,5899.93,1366.53,164,616.24,557.82,0.024255105929386796,0.5342019543973942
Turquía,Kahramanmara?,39,12,90,7962.87,7188.05,774.83,1715.93,21,663.57,599.0,0.23871981970075334,0.5384615384615384
Turquía,Karaman,10,2,16,2057.77,1857.38,200.4,173.22,5,1028.88,928.69,0.09326039905673583,0.5
Turquía,Kars,27,7,71,5464.3,4837.35,626.96,216.57,18,780.61,691.05,0.04477038047691401,0.6666666666666666
Turquía,Kastamonu,2,1,4,309.96,257.76,52.2,76.81,0,309.96,257.76,0.2979903786468032,0.0
Turquía,Kayseri,74,23,158,14040.12,12588.3,1451.84,2101.5,35,610.44,547.32,0.16694073067848716,0.47297297297297297
Turquía,Kilis,6,2,15,1329.8,1227.4,102.4,366.7,5,664.9,613.7,0.2987616099071207,0.8333333333333334
Turquía,Kirsehir,13,4,29,2799.7,2475.49,324.21,812.91,9,699.92,618.87,0.3283834715551265,0.6923076923076923
Turquía,Kocaeli,26,9,66,4867.48,4477.1,390.38,1105.93,21,540.83,497.46,0.2470192758705412,0.8076923076923077
Turquía,Konya,50,18,105,10539.88,9361.25,1178.65,2109.18,21,585.55,520.07,0.22530965415943383,0.42
Turquía,Kütahya,15,4,32,3269.58,2921.62,347.97,1120.59,11,817.4,730.4,0.38355090668875486,0.7333333333333333
Turquía,Malatya,6,2,18,999.91,867.73,132.18,-56.89,6,499.96,433.86,-0.0655618683230959,1.0
Turquía,Manisa,66,22,149,10720.48,9652.3,1068.19,1362.75,37,487.29,438.74,0.14118396651575274,0.5606060606060606
Turquía,Mardin,22,7,63,4514.3,4094.22,420.09,-428.64,5,644.9,584.89,-0.10469393437577854,0.22727272727272727
Turquía,Mersin,114,38,267,22444.17,20099.16,2345.03,331.48,43,590.64,528.93,0.016492231516142965,0.37719298245614036
Turquía,Nevsehir,12,4,17,1854.81,1686.72,168.09,375.21,12,463.7,421.68,0.2224494877632328,1.0
Turquía,Nigde,8,4,15,1925.87,1837.34,88.53,335.54,2,481.47,459.34,0.18262270456202986,0.25
Turquía,Ordu,4,1,5,729.92,607.34,122.59,-6.83,0,729.92,607.34,-0.01124576020021735,0.0
Turquía,Osmaniye,24,8,57,4889.36,4421.31,468.05,1215.77,16,611.17,552.66,0.27497958749782303,0.6666666666666666
Turquía,Rize,2,1,6,324.94,284.45,40.49,89.31,0,324.94,284.45,0.31397433643874145,0.0
Turquía,Samsun,20,5,52,3859.45,3547.07,312.38,724.67,13,771.89,709.41,0.20430101464025235,0.65
Turquía,Sanliurfa,33,13,71,5262.4,4727.19,535.22,327.61,27,404.8,363.63,0.06930332819285875,0.8181818181818182
Turquía,Siirt,4,2,11,549.92,508.72,41.2,102.39,1,274.96,254.36,0.20126985375058973,0.25
Turquía,Sirnak,6,2,14,1519.91,1341.21,178.7,-299.94,0,759.96,670.6,-0.22363388283713959,0.0
Turquía,Sivas,53,13,126,9709.62,8738.56,971.08,1363.81,22,746.89,672.2,0.15606804782481323,0.41509433962264153
Turquía,Tekirdag,29,9,62,6279.37,5415.99,863.41,1184.81,12,697.71,601.78,0.218761482203623,0.41379310344827586
Turquía,Tokat,7,2,13,1345.87,1229.85,116.02,353.48,4,672.94,614.92,0.2874171646948815,0.5714285714285714
Turquía,Trebisonda,25,9,40,5874.49,5227.37,647.14,557.62,15,652.72,580.82,0.10667314538668583,0.6
Turquía,Usak,4,2,10,1099.89,913.91,185.98,227.43,3,549.95,456.96,0.24885382586906807,0.75
Turquía,Van,49,13,102,9146.89,8242.51,904.39,1287.66,41,703.61,634.04,0.15622183048610194,0.8367346938775511
Turquía,Yalova,9,2,22,1815.82,1617.64,198.19,-342.53,9,907.91,808.82,-0.21174674216760225,1.0
Turquía,Çanakkale,6,3,12,1029.8,893.52,136.28,-47.76,6,343.27,297.84,-0.053451517593338695,1.0
Túnez,Túnez,36,12,72,6258.47,5587.45,671.03,945.96,28,521.54,465.62,0.169300843855426,0.7777777777777778
Ucrania,Cherkasy,21,8,39,3484.56,3031.89,452.67,449.31,13,435.57,378.99,0.14819469044061626,0.6190476190476191
Ucrania,Chernihiv,48,13,101,9656.06,8470.98,1185.1,1455.72,10,742.77,651.61,0.17184788536863504,0.20833333333333334
Ucrania,Dnipropetrovsk,146,49,305,27620.6,24698.17,2922.45,2968.33,102,563.69,504.04,0.12018420797978151,0.6986301369863014
Ucrania,Donetsk,87,31,190,16316.88,15061.35,1255.55,91.54,57,526.35,485.85,0.006077808430187201,0.6551724137931034
Ucrania,Ivano-Frankivsk,19,7,36,3216.72,2975.56,241.17,883.27,0,459.53,425.08,0.29684160292516365,0.0
Ucrania,Jersón,18,8,48,3799.5,3453.93,345.57,398.11,4,474.94,431.74,0.11526290341726671,0.2222222222222222
Ucrania,Járkov,118,42,255,21821.42,19642.07,2179.38,2722.15,67,519.56,467.67,0.13858773540670613,0.5677966101694916
Ucrania,Khmelnytskyi,25,9,63,5559.32,4996.77,562.56,748.97,17,617.7,555.2,0.1498908294758414,0.68
Ucrania,Kirovohrad,18,7,34,3929.66,3545.65,384.02,136.0,13,561.38,506.52,0.03835685981413845,0.7222222222222222
Ucrania,Lugansk,51,14,123,10262.62,9273.83,988.79,259.59,24,733.04,662.42,0.027991671186553994,0.47058823529411764
Ucrania,Lviv,108,34,252,20939.43,18574.84,2364.64,1414.09,55,615.87,546.32,0.07612932332122377,0.5092592592592593
Ucrania,Mykolayiv,30,10,58,6614.29,6002.68,611.62,1376.29,17,661.43,600.27,0.22927925526598117,0.5666666666666667
Ucrania,Poltava,53,17,132,10851.68,9754.45,1097.24,1779.48,34,638.33,573.79,0.18242750744531983,0.6415094339622641
Ucrania,Rivne,9,4,19,1827.76,1641.43,186.33,416.92,1,456.94,410.36,0.25399803829587614,0.1111111111111111
Ucrania,Sevastopol,12,4,30,2482.65,2270.98,211.67,682.14,2,620.66,567.74,0.300372526398295,0.16666666666666666
Ucrania,Sumy,16,5,34,2941.57,2712.69,228.88,569.49,10,588.31,542.54,0.20993552525353062,0.625
Ucrania,Ternópil,13,5,28,2365.68,2140.64,225.04,329.51,6,473.14,428.13,0.1539306001943344,0.46153846153846156
Ucrania,Volinia,22,7,59,4689.55,4195.48,494.07,237.9,14,669.94,599.35,0.05670388131989665,0.6363636363636364
Ucrania,Vínnytsia,74,22,153,14498.69,13069.76,1428.95,69.14,39,659.03,594.08,0.0052900741865191106,0.527027027027027
Ucrania,Zaporiyia,45,16,112,9173.89,8163.49,1010.41,-226.37,21,573.37,510.22,-0.02772956174381301,0.4666666666666667
Ucrania,Zhytómyr,34,11,87,7078.99,6266.65,812.35,-250.04,21,643.54,569.7,-0.03990010611730351,0.6176470588235294
Uganda,Gulu,12,5,14,2899.8,2662.61,237.2,515.29,6,579.96,532.52,0.19352815470534548,0.5
Uganda,Jinja,25,6,57,5444.4,5091.56,352.84,754.56,10,907.4,848.59,0.14819819465939713,0.4
Uganda,Kabarole,1,1,1,299.98,224.99,75.0,-264.36,1,299.98,224.99,-1.1749855549135517,1.0
Uganda,Kampala,58,19,123,10872.74,9888.86,983.89,2048.71,40,572.25,520.47,0.2071735265743473,0.6896551724137931
Uruguay,Canelones,12,3,17,2224.83,1997.09,227.74,637.82,8,741.61,665.7,0.3193746901742035,0.6666666666666666
Uruguay,Montevideo,110,33,218,21024.65,18972.87,2051.82,1351.69,54,637.11,574.94,0.07124330689031233,0.4909090909090909
Uruguay,Paysandú,5,2,21,1179.84,1077.85,101.99,373.69,4,589.92,538.92,0.3466994479751357,0.8
Uruguay,Rivera,12,4,32,2633.59,2403.39,230.2,328.24,12,658.4,600.85,0.13657375623598336,1.0
Uzbekistán,Andiján,23,6,33,3982.65,3645.38,337.28,673.25,15,663.78,607.56,0.1846858215055769,0.6521739130434783
Uzbekistán,Jizzakh,11,4,26,1664.75,1497.5,167.25,272.91,10,416.19,374.38,0.18224373956594322,0.9090909090909091
Uzbekistán,Kashkadar,21,6,50,3713.48,3363.52,349.96,864.27,11,618.91,560.59,0.2569540243554372,0.5238095238095238
Uzbekistán,Khorezm,4,1,13,669.9,614.01,55.89,-58.1,4,669.9,614.01,-0.09462386606081333,1.0
Uzbekistán,Namangán,38,14,81,8474.33,7502.79,971.55,1141.36,14,605.31,535.91,0.15212474292896377,0.3684210526315789
Uzbekistán,Surjandarín,24,7,63,5647.18,5027.27,619.92,299.33,16,806.74,718.18,0.05954126195728497,0.6666666666666666
Venezuela,Anzoátegui,64,24,147,12737.68,11619.25,1118.44,861.95,36,530.74,484.14,0.07418292919078252,0.5625
Venezuela,Aragua,117,42,271,25096.86,22206.24,2890.65,3822.76,69,597.54,528.72,0.17214800884796344,0.5897435897435898
Venezuela,Bolívar,93,27,206,17449.51,15555.88,1893.67,-206.91,59,646.28,576.14,-0.013301079720337266,0.6344086021505376
Venezuela,Carabobo,83,26,213,16989.86,15315.05,1674.83,3347.89,66,653.46,589.04,0.2186013104756432,0.7951807228915663
Venezuela,Cojedes,13,4,33,3199.66,2897.38,302.28,866.98,8,799.92,724.34,0.299228958576369,0.6153846153846154
Venezuela,Distrito Capital,168,59,347,32330.38,28998.99,3331.42,4771.06,79,547.97,491.51,0.16452504035485374,0.47023809523809523
Venezuela,Guárico,24,9,48,4033.48,3714.13,319.36,644.83,22,448.16,412.68,0.1736153554129769,0.9166666666666666
Venezuela,Lara,24,8,54,4514.46,4102.68,411.78,300.47,17,564.31,512.84,0.07323749354080747,0.7083333333333334
Venezuela,Miranda,67,22,133,13521.78,12159.72,1362.06,2817.99,31,614.63,552.71,0.2317479349853451,0.4626865671641791
Venezuela,Monagas,22,5,53,3889.56,3588.78,300.78,403.31,4,777.91,717.76,0.11238080907717943,0.18181818181818182
Venezuela,Mérida,7,2,14,1759.87,1586.13,173.74,62.33,5,879.94,793.06,0.03929690504561416,0.7142857142857143
Venezuela,Nueva Esparta,15,3,31,2784.55,2466.85,317.7,507.83,5,928.18,822.28,0.2058617264933012,0.3333333333333333
Venezuela,Portuguesa,30,9,69,5594.4,5105.55,488.85,248.24,15,621.6,567.28,0.048621598064850995,0.5
Venezuela,Sucre,17,6,45,3744.58,3419.14,325.44,1087.9,11,624.1,569.86,0.3181794252355856,0.6470588235294118
Venezuela,Táchira,12,3,24,2139.83,1922.83,217.0,262.92,4,713.28,640.94,0.13673595689686555,0.3333333333333333
Venezuela,Vargas,21,6,50,4493.48,4066.28,427.2,714.58,21,748.91,677.71,0.17573310249171234,1.0
Venezuela,Yaracuy,20,6,39,3089.64,2861.26,228.38,767.8,8,514.94,476.88,0.26834331727979976,0.4
Venezuela,Zulia,187,58,416,36831.7,33255.4,3576.33,6722.26,81,635.03,573.37,0.20214040426517196,0.43315508021390375
Vietnam,Ciudad Ho Chi Minh,524,232,1026,116368.65,105145.07,11223.73,12473.06,286,501.59,453.21,0.11862715008892,0.5458015267175572
Vietnam,Dà Nang,23,11,53,8209.95,7437.24,772.71,-766.36,13,746.36,676.11,-0.10304360219651376,0.5652173913043478
Vietnam,Khánh Hòa,16,8,21,3112.87,2799.07,313.81,-155.55,10,389.11,349.88,-0.05557202928115411,0.625
Vietnam,Kiên Giang,15,10,25,3461.62,3090.73,370.9,664.19,6,346.16,309.07,0.21489745141115527,0.4
Vietnam,T?nh C?n Th?,31,12,56,5461.99,4783.38,678.61,497.09,17,455.17,398.62,0.10392024049939584,0.5483870967741935
Vietnam,Th? Dô Hà N?i,148,62,309,29749.19,26183.61,3565.65,3738.51,62,479.83,422.32,0.1427805409567283,0.4189189189189189
Yemen,Al Hudayda,7,3,17,889.86,817.26,72.6,90.28,7,296.62,272.42,0.1104666813498764,1.0
Yemen,Ibb,2,1,8,439.88,419.08,20.8,-102.13,2,439.88,419.08,-0.24370048678056697,1.0
Yemen,Taiz,62,23,145,11776.54,10607.58,1168.98,1498.63,33,512.02,461.2,0.14127916075108557,0.532258064516129
Yibuti,Yibuti,31,10,53,6569.37,5679.72,889.65,1239.0,21,656.94,567.97,0.21814455642179542,0.6774193548387096
Zambia,Central,3,2,7,749.87,716.13,33.74,-359.66,2,374.94,358.06,-0.502227249242456,0.6666666666666666
Zambia,Copperbelt,132,39,292,27097.66,24253.45,2844.22,1564.69,72,694.81,621.88,0.06451412067149209,0.5454545454545454
Zambia,Lusaka,105,34,252,22114.19,19946.83,2167.38,2974.63,54,650.42,586.67,0.14912795667281467,0.5142857142857142
Zambia,Meridional,15,4,30,3569.68,3115.48,454.2,-454.45,11,892.42,778.87,-0.14586837341276465,0.7333333333333333
Zambia,Oriental,6,5,16,1209.89,1046.9,162.99,363.51,5,241.98,209.38,0.3472251408921578,0.8333333333333334
Zambia,Septentrional,5,2,7,779.95,710.55,69.4,32.05,5,389.98,355.28,0.04510590387727816,1.0
Zimbabue,Bulawayo,70,25,143,14647.4,12947.4,1700.04,2101.84,51,585.9,517.9,0.16233683982884597,0.7285714285714285
Zimbabue,Harare,114,37,263,23562.38,20969.2,2593.2,2653.27,49,636.82,566.74,0.12653177040611946,0.4298245614035088
Zimbabue,Manicalandia,5,1,13,809.76,714.29,95.47,99.9,5,809.76,714.29,0.13985916084503494,1.0
Zimbabue,Mashonalandia Occidental,1,1,2,79.98,77.58,2.4,20.17,1,79.98,77.58,0.259989688063934,1.0
